,Unnamed: 0,THCIC_ID,PROVIDER_NAME_CLEANED,address,city,county,zip,facility_type,state_license_number,clean_address,geo_address,location,point,latitude,longitude,altitude
0,1,105,UT MD Anderson Cancer Center,1515 Holcombe Blvd,Houston,Harris,77030.0,Hospital,0.0,1515 Holcombe Blvd,"1515 Holcombe Blvd, Houston, TX 77030","University of Texas MD Anderson Cancer Center, Holcombe Boulevard, Texas Medical Center, South Lawn, Houston, Harris County, Texas, 77030, United States of America","(29.70766895, -95.39762257223782, 0.0)",29.70766895,-95.39762257223782,0.0
1,2,1000,Baptist St Anthonys Hospital,1600 Wallace Blvd,Amarillo,Potter,79106.0,Hospital,100187.0,1600 Wallace Blvd,"1600 Wallace Blvd, Amarillo, TX 79106","1600, Wallace Boulevard, Amarillo, Potter County, Texas, 79106, United States of America","(35.1967656, -101.91972718265674, 0.0)",35.1967656,-101.91972718265674,0.0
2,3,2001,St Joseph Regional Health Center,2801 Franciscan Drive,Bryan,Brazos,77802.0,Hospital,2.0,2801 Franciscan Drive,"2801 Franciscan Drive, Bryan, TX 77802","CHI Saint Joseph Health Regional Hospital, Franciscan Drive, Boonville, Bryan, Brazos County, Texas, 77802, United States of America","(30.65592455, -96.34684721862918, 0.0)",30.65592455,-96.34684721862918,0.0
3,4,6000,Matagorda Regional Medical Center,104 7th Street,Bay City,Matagorda,77414.0,Hospital,100019.0,104 7th Street,"104 7th Street, Bay City, TX 77414","104, 7th Street, Bay City, Matagorda County, Texas, 77414, United States of America","(28.98016645, -95.99154564147398, 0.0)",28.98016645,-95.99154564147398,0.0
4,5,7000,Womans Hospital-Texas,7600 Fannin Street,Houston,Harris,77054.0,Hospital,7.0,7600 Fannin Street,"7600 Fannin Street, Houston, TX 77054","The Woman's Hospital of Texas, Fannin Street, Texas Medical Center, South Lawn, Houston, Harris County, Texas, 77054, United States of America","(29.693377499999997, -95.40279261588742, 0.0)",29.693377499999997,-95.40279261588742,0.0
5,7,14000,Columbus Community Hospital,110 Shult Drive,Columbus,Colorado,78934.0,Hospital,14.0,110 Shult Drive,"110 Shult Drive, Columbus, TX 78934","110, Shult Drive, Columbus, Colorado County, Texas, 78934, United States of America","(29.694721350000002, -96.5431947312548, 0.0)",29.694721350000002,-96.5431947312548,0.0
6,8,19000,Valley Regional Medical Center,100A Alton Gloor Boulevard,Brownsville,Cameron,78526.0,Hospital,19.0,100A Alton Gloor Boulevard,"100A Alton Gloor Boulevard, Brownsville, TX 78526","Alton Gloor Boulevard, Villa Nueva Colonia, Brownsville, Cameron County, Texas, 78520, United States of America","(25.966115, -97.539069, 0.0)",25.966115,-97.539069,0.0
7,9,20000,CHRISTUS Good Shepherd Medical Center-Marshall,811 South Washington,Marshall,Harrison,75671.0,Hospital,20.0,811 South Washington,"811 South Washington, Marshall, TX 75671","South Washington, Bel Air, Marshall, Harrison County, Texas, 76572, United States of America","(32.4881072, -94.3603528, 0.0)",32.4881072,-94.3603528,0.0
8,10,23000,Yoakum Community Hospital,1200 Carl Ramert Drive,Yoakum,Lavaca,77995.0,Critical Access Hospital,23.0,1200 Carl Ramert Drive,"1200 Carl Ramert Drive, Yoakum, TX 77995","1200, Carl Ramert Drive, Yoakum, Lavaca County, Texas, 77995, United States of America","(29.3074652, -97.12959925832335, 0.0)",29.3074652,-97.12959925832335,0.0
9,12,29000,CHRISTUS Good Shepherd Medical Center-Longview,700 East Marshall Avenue,Longview,Gregg,75601.0,Hospital,20.0,700 East Marshall Avenue,"700 East Marshall Avenue, Longview, TX 75601","700, East Marshall Avenue, Longview Heights, Longview, Gregg County, Texas, 75601, United States of America","(32.5013882, -94.7307925, 0.0)",32.5013882,-94.7307925,0.0
10,13,34000,Palo Pinto General Hospital,400 Southwest 25th Avenue,Mineral Wells,Palo Pinto,76067.0,Hospital,34.0,400 Southwest 25th Avenue,"400 Southwest 25th Avenue, Mineral Wells, TX 76067","400, Southwest 25th Avenue, Mineral Wells, Palo Pinto County, Texas, 76067, United States of America","(32.7991435, -98.14505161247044, 0.0)",32.7991435,-98.14505161247044,0.0
11,14,35000,St Davids Hospital,919 East 32nd Street,Austin,Travis,78705.0,Hospital,35.0,919 East 32nd Street,"919 East 32nd Street, Austin, TX 78705","919, East 32nd Street, Hancock, Austin, Travis County, Texas, 78705, United States of America","(30.290676, -97.726737, 0.0)",30.290676,-97.726737,0.0
12,15,38001,CHRISTUS Southeast Texas - Jasper Memorial,1275 Marvin Hancock Drive,Jasper,Jasper,75951.0,Hospital,38.0,1275 Marvin Hancock Drive,"1275 Marvin Hancock Drive, Jasper, TX 75951","1275, Marvin Hancock Drive, Jasper, Jasper County, Texas, 75951, United States of America","(30.9082083, -94.0095940598994, 0.0)",30.9082083,-94.0095940598994,0.0
13,16,40000,Ascension Providence,6901 Medical Parkway,Waco,McLennan,76702.0,Hospital,40.0,6901 Medical Parkway,"6901 Medical Parkway, Waco, TX 76702","Providence Health Center, Medical Parkway, Jewell, Waco, McLennan County, Texas, 76712, United States of America","(31.5144776, -97.19942532215484, 0.0)",31.5144776,-97.19942532215484,0.0
14,19,47000,Texas Health Huguley Hospital,11801 South Freeway,Fort Worth,Tarrant,76115.0,Hospital,100157.0,11801 South Freeway,"11801 South Freeway, Fort Worth, TX 76115","South Freeway, Lytle, Fort Worth, Tarrant County, Texas, 76115, United States of America","(32.6690423, -97.32036, 0.0)",32.6690423,-97.32036,0.0
15,20,49000,Coleman County Medical Center,310 South Pecos Street,Coleman,Coleman,76834.0,Critical Access Hospital,100168.0,310 South Pecos Street,"310 South Pecos Street, Coleman, TX 76834","310, South Pecos Street, Coleman, Coleman County, Texas, 76834, United States of America","(31.828607650000002, -99.42575989991414, 0.0)",31.828607650000002,-99.42575989991414,0.0
16,21,56000,San Angelo Community Medical Center,3501 Knickerbocker Road,San Angelo,Tom Green,76904.0,Hospital,56.0,3501 Knickerbocker Road,"3501 Knickerbocker Road, San Angelo, TX 76904","San Angelo Community Medical Center, Knickerbocker Road, Vista del Arroyo, San Angelo, Tom Green County, Texas, 76904, United States of America","(31.41779915, -100.47014173063732, 0.0)",31.41779915,-100.47014173063732,0.0
17,22,58000,Brownwood Regional Medical Center,1501 Burnet Drive,Brownwood,Brown,76801.0,Hospital,58.0,1501 Burnet Drive,"1501 Burnet Drive, Brownwood, TX 76801","Burnet Drive, Wooster, Baytown, Harris County, Texas, 77520, United States of America","(29.7703192, -95.0371746, 0.0)",29.7703192,-95.0371746,0.0
18,23,61000,Huntsville Memorial Hospital,110 MEMORIAL HOSPITAL DRIVE,Huntsville,Walker,77340.0,Hospital,100511.0,110 MEMORIAL HOSPITAL DRIVE,"110 MEMORIAL HOSPITAL DRIVE, Huntsville, TX 77340","Huntsville Memorial Hospital, Memorial Hospital Drive, Pine Hill, Huntsville, Walker County, Texas, 77340, United States of America","(30.6983502, -95.55903235151723, 0.0)",30.6983502,-95.55903235151723,0.0
19,24,63000,Uvalde Memorial Hospital,1025 Garner Field Road,Uvalde,Uvalde,78801.0,Hospital,63.0,1025 Garner Field Road,"1025 Garner Field Road, Uvalde, TX 78801","Uvalde Memorial Hospital, Garner Field Road, Brice Lane Colonia, Uvalde, Uvalde County, Texas, 78801, United States of America","(29.214204700000003, -99.76830687309541, 0.0)",29.214204700000003,-99.76830687309541,0.0
20,25,64000,Citizens Medical Center,2701 Hospital Drive,Victoria,Victoria,77901.0,Hospital,64.0,2701 Hospital Drive,"2701 Hospital Drive, Victoria, TX 77901","Citizens Medical Center, Hospital Drive, Dupre, Victoria, Victoria County, Texas, 77901, United States of America","(28.812803549999998, -96.97776483818416, 0.0)",28.812803549999998,-96.97776483818416,0.0
21,26,66000,Baylor Scott & White Hospital-Brenham,700 Medical Parkway,Brenham,Washington,77833.0,Hospital,100098.0,700 Medical Parkway,"700 Medical Parkway, Brenham, TX 77833","700, Medical Parkway, Brenham, Washington County, Texas, 77833, United States of America","(30.14522925, -96.3995587085685, 0.0)",30.14522925,-96.3995587085685,0.0
22,27,70000,Goodall - Witcher Hospital,101 South Avenue T,Clifton,Bosque,76634.0,Critical Access Hospital,100467.0,101 South Avenue T,"101 South Avenue T, Clifton, TX 76634","101, South Avenue T, Clifton, Bosque County, Texas, 76634, United States of America","(31.775981, -97.587889, 0.0)",31.775981,-97.587889,0.0
23,30,76000,HCA Houston Healthcare Tomball,605 Holderrieth Blvd,Tomball,Harris,77375.0,Hospital,100409.0,605 Holderrieth Blvd,"605 Holderrieth Blvd, Tomball, TX 77375","605, Holderrieth Boulevard, Tomball, Harris County, Texas, 77375, United States of America","(30.0874612, -95.62323663483922, 0.0)",30.0874612,-95.62323663483922,0.0
24,31,78000,Brownfield Regional Medical Center,705 East Felt Street,Brownfield,Terry,79316.0,Hospital,78.0,705 East Felt Street,"705 East Felt Street, Brownfield, TX 79316","705, East Felt Street, Brownfield, Terry County, Texas, 79316, United States of America","(33.187561099999996, -102.26742039523069, 0.0)",33.187561099999996,-102.26742039523069,0.0
25,32,85000,Hunt Regional Medical Center Greenville,4215 Joe Ramsey Boulevard,Greenville,Hunt,75402.0,Hospital,85.0,4215 Joe Ramsey Boulevard,"4215 Joe Ramsey Boulevard, Greenville, TX 75402","Joe Ramsey Boulevard, Mineral Heights, Greenville, Hunt County, Texas, 75402, United States of America","(33.1156992, -96.0992742, 0.0)",33.1156992,-96.0992742,0.0
26,36,98000,Ochiltree General Hospital,3101 Garrett Drive,Perryton,Ochiltree,79070.0,Critical Access Hospital,98.0,3101 Garrett Drive,"3101 Garrett Drive, Perryton, TX 79070","3101, Garrett Drive, Perryton, Ochiltree County, Texas, 79070, United States of America","(36.3701311, -100.79872371485499, 0.0)",36.3701311,-100.79872371485499,0.0
27,37,103000,Memorial Hospital,1110 N SARAH DEWITT DRIVE,Gonzales,Gonzales,78629.0,Hospital,103.0,1110 N SARAH DEWITT DRIVE,"1110 N SARAH DEWITT DRIVE, Gonzales, TX 78629","1110, North Sarah Dewitt Drive, Gonzales, Gonzales County, Texas, 78629, United States of America","(29.517569199999997, -97.4289010998146, 0.0)",29.517569199999997,-97.4289010998146,0.0
28,39,113000,Memorial Hospital,209 NW 8th Street,Seminole,Gaines,79360.0,Critical Access Hospital,113.0,209 NW 8th Street,"209 NW 8th Street, Seminole, TX 79360","209, Northwest 8th Street, Russell Addition, Seminole, Gaines County, Texas, 79360, United States of America","(32.7206555, -102.6552392, 0.0)",32.7206555,-102.6552392,0.0
29,40,114001,Baptist Medical Center,111 Dallas Street,San Antonio,Bexar,78205.0,Hospital,114.0,111 Dallas Street,"111 Dallas Street, San Antonio, TX 78205","Baptist Medical Center, Dallas Street, Downtown, San Antonio, Bexar County, Texas, 78205, United States of America","(29.4336602, -98.49259264999999, 0.0)",29.4336602,-98.49259264999999,0.0
30,41,117000,Texas Childrens Hospital,6621 Fannin,Houston,Harris,77030.0,Hospital,117.0,6621 Fannin,"6621 Fannin, Houston, TX 77030","Texas Children's Hospital, Fannin Street, Texas Medical Center, South Lawn, Houston, Harris County, Texas, 77030, United States of America","(29.7077811, -95.4008326, 0.0)",29.7077811,-95.4008326,0.0
31,42,117100,Texas Childrens Hospital-Pavilion for Women,6651 Main Street,Houston,Harris,77030.0,Hospital,117.0,6651 Main Street,"6651 Main Street, Houston, TX 77030","Pavilion for Women, Main Street, Texas Medical Center, South Lawn, Houston, Harris County, Texas, 77030, United States of America","(29.7081482, -95.40282752594143, 0.0)",29.7081482,-95.40282752594143,0.0
32,43,119000,Memorial Hermann Southeast Hospital,11800 Astoria Boulevard,Houston,Harris,77089.0,Hospital,119.0,11800 Astoria Boulevard,"11800 Astoria Boulevard, Houston, TX 77089","Memorial Hermann Southeast Hospital, Astoria Boulevard, Humble Camp, Houston, Harris County, Texas, 77089, United States of America","(29.58391095, -95.20735871729985, 0.0)",29.58391095,-95.20735871729985,0.0
33,44,124000,Houston Methodist Hospital,6565 Fannin,Houston,Harris,77030.0,Hospital,124.0,6565 Fannin,"6565 Fannin, Houston, TX 77030","Houston Methodist Hospital, Fannin Street, Texas Medical Center, South Lawn, Houston, Harris County, Texas, 77030, United States of America","(29.7108167, -95.39926397738664, 0.0)",29.7108167,-95.39926397738664,0.0
34,45,126000,UTMB Angleton Danbury Medical Center,132 Hospital Drive,Angleton,Brazoria,77515.0,Hospital,0.0,132 Hospital Drive,"132 Hospital Drive, Angleton, TX 77515","132, Hospital Drive, Angleton, Brazoria County, Texas, 77515, United States of America","(29.18364515, -95.40441225230651, 0.0)",29.18364515,-95.40441225230651,0.0
35,47,130000,The Hospitals of Providence Memorial Campus,2001 North Oregon Street,El Paso,El Paso,79902.0,Hospital,130.0,2001 North Oregon Street,"2001 North Oregon Street, El Paso, TX 79902","Providence Memorial Hospital, North Oregon Street, Mission Hills, El Paso, El Paso County, Texas, 79902, United States of America","(31.770289050000002, -106.50093970595606, 0.0)",31.770289050000002,-106.50093970595606,0.0
36,48,134001,Northeast Baptist Hospital,8811 Village Drive,San Antonio,Bexar,78217.0,Hospital,114.0,8811 Village Drive,"8811 Village Drive, San Antonio, TX 78217","8811, Village Drive, San Antonio, Bexar County, Texas, 78217, United States of America","(29.51975375, -98.42885707473947, 0.0)",29.51975375,-98.42885707473947,0.0
37,50,140002,South Texas Health System Edinburg,1102 West Trenton Road,Edinburg,Hidalgo,78539.0,Hospital,140.0,1102 West Trenton Road,"1102 West Trenton Road, Edinburg, TX 78539","1102, West Trenton Road, McAllen, Hidalgo County, Texas, 78539, United States of America","(26.261290199999998, -98.18179392709115, 0.0)",26.261290199999998,-98.18179392709115,0.0
38,53,144000,Wadley Regional Medical Center,1000 Pine Street,Texarkana,Bowie,75501.0,Hospital,100002.0,1000 Pine Street,"1000 Pine Street, Texarkana, TX 75501","1000, Pine Street, Texarkana, Bowie County, Texas, 75501, United States of America","(33.42859215, -94.04795805032805, 0.0)",33.42859215,-94.04795805032805,0.0
39,54,145000,University Medical Center,602 Indiana Avenue,Lubbock,Lubbock,79415.0,Hospital,145.0,602 Indiana Avenue,"602 Indiana Avenue, Lubbock, TX 79415","University Medical Center, Indiana Avenue, South Overton, Lubbock, Lubbock County, Texas, 79415, United States of America","(33.58920315, -101.89199470216693, 0.0)",33.58920315,-101.89199470216693,0.0
40,56,154000,Methodist Hospital,7700 Floyd Curl Drive,San Antonio,Bexar,78229.0,Hospital,154.0,7700 Floyd Curl Drive,"7700 Floyd Curl Drive, San Antonio, TX 78229","Texas Neurosciences Institute, Floyd Curl Drive, South Texas Medical Center, San Antonio, Bexar County, Texas, 78229, United States of America","(29.509931, -98.571492, 0.0)",29.509931,-98.571492,0.0
41,57,154002,Northeast Methodist Hospital,12412 Judson Road,San Antonio,Bexar,78233.0,Hospital,154.0,12412 Judson Road,"12412 Judson Road, San Antonio, TX 78233","12412, Judson Road, Live Oak, Bexar County, Texas, 78233, United States of America","(29.55267685, -98.34803305991014, 0.0)",29.55267685,-98.34803305991014,0.0
42,58,155000,Guadalupe Regional Medical Center,1215 East Court Street,Seguin,Guadalupe,78155.0,Hospital,155.0,1215 East Court Street,"1215 East Court Street, Seguin, TX 78155","1215, East Court Street, Seguin, Guadalupe County, Texas, 78155, United States of America","(29.568297049999998, -97.94668157756769, 0.0)",29.568297049999998,-97.94668157756769,0.0
43,59,156000,Dimmit Regional Hospital,704 Hospital Drive,Carrizo Springs,Dimmit,78834.0,Hospital,100175.0,704 Hospital Drive,"704 Hospital Drive, Carrizo Springs, TX 78834","704, Hospital Drive, Carrizo Springs, Dimmit County, Texas, 78834, United States of America","(28.519335650000002, -99.86331468916404, 0.0)",28.519335650000002,-99.86331468916404,0.0
44,60,158000,University Hospital,4502 Medical Drive,San Antonio,Bexar,78229.0,Hospital,158.0,4502 Medical Drive,"4502 Medical Drive, San Antonio, TX 78229","University Hospital, Medical Drive, South Texas Medical Center, San Antonio, Bexar County, Texas, 78229, United States of America","(29.5078264, -98.57809431949016, 0.0)",29.5078264,-98.57809431949016,0.0
45,61,168000,Shannon West Texas Memorial Hospital,120 East Harris Avenue,San Angelo,Tom Green,76902.0,Hospital,168.0,120 East Harris Avenue,"120 East Harris Avenue, San Angelo, TX 76902","Shannon Medical Center, East Harris Avenue, Downtown, Alvery Junction, San Angelo, Tom Green County, Texas, 76903, United States of America","(31.46476045, -100.43385785176329, 0.0)",31.46476045,-100.43385785176329,0.0
46,62,172000,Memorial Hermann Greater Heights Hospital,1635 North Loop West,Houston,Harris,77008.0,Hospital,172.0,1635 North Loop West,"1635 North Loop West, Houston, TX 77008","1635, North Loop West, Rosslyn, Houston, Harris County, Texas, 77008, United States of America","(29.8108722, -95.42982014819562, 0.0)",29.8108722,-95.42982014819562,0.0
47,63,180000,Las Palmas Medical Center,1801 North Oregon Street,El Paso,El Paso,79902.0,Hospital,180.0,1801 North Oregon Street,"1801 North Oregon Street, El Paso, TX 79902","Las Palmas Medical Center, North Oregon Street, Mission Hills, El Paso, El Paso County, Texas, 79902, United States of America","(31.7699876, -106.49834227113362, 0.0)",31.7699876,-106.49834227113362,0.0
48,64,181000,Medical Center Hospital,500 West 4th Street,Odessa,Ector,79760.0,Hospital,181.0,500 West 4th Street,"500 West 4th Street, Odessa, TX 79760","Medical Center Hospital, West 4th Street, Scharbauer Place, Odessa, Ector County, Texas, 79761, United States of America","(31.84501735, -102.3736714700328, 0.0)",31.84501735,-102.3736714700328,0.0
49,65,182000,Texas Health Harris Methodist HEB,1600 Hospital Parkway,Bedford,Tarrant,76022.0,Hospital,182.0,1600 Hospital Parkway,"1600 Hospital Parkway, Bedford, TX 76022","1600, Hospital Parkway, Bedford, Tarrant County, Texas, 76022, United States of America","(32.8346959, -97.123268575, 0.0)",32.8346959,-97.123268575,0.0
50,66,187000,Permian Regional Medical Center,720 Hospital Drive,Andrews,Andrews,79714.0,Hospital,187.0,720 Hospital Drive,"720 Hospital Drive, Andrews, TX 79714","Permian Regional Medical Center, Hospital Drive, Winegar Homestead, Andrews, Andrews County, Texas, 79714, United States of America","(32.3376642, -102.54607738315804, 0.0)",32.3376642,-102.54607738315804,0.0
51,68,206100,Baylor Scott & White Hospital College Station,700 Scott & White Drive,College Station,Brazos,77845.0,Hospital,100206.0,700 Scott & White Drive,"700 Scott & White Drive, College Station, TX 77845","Baylor Scott & White Medical Center – College Station, Scott & White Drive, Koppe, College Station, Brazos County, Texas, 77845, United States of America","(30.58281415, -96.27897602059075, 0.0)",30.58281415,-96.27897602059075,0.0
52,69,207001,Laredo Medical Center,1700 East Saunders Street,Laredo,Webb,78041.0,Hospital,207.0,1700 East Saunders Street,"1700 East Saunders Street, Laredo, TX 78041","Laredo Medical Center, East Saunders Street, United States, Laredo, Webb County, Texas, 78041, United States of America","(27.533052750000003, -99.47807596242151, 0.0)",27.533052750000003,-99.47807596242151,0.0
53,70,212000,HCA Houston Healthcare Clear Lake,500 Medical Center Boulevard,Webster,Harris,77598.0,Hospital,212.0,500 Medical Center Boulevard,"500 Medical Center Boulevard, Webster, TX 77598","500, Medical Center Boulevard, Webster, Harris County, Texas, 77598, United States of America","(29.540720800000003, -95.12795982833073, 0.0)",29.540720800000003,-95.12795982833073,0.0
54,71,214000,Medical City Plano,3901 West 15th Street,Plano,Collin,75075.0,Hospital,214.0,3901 West 15th Street,"3901 West 15th Street, Plano, TX 75075","3901, West 15th Street, Cowley, Plano, Collin County, Texas, 75075, United States of America","(33.0229359, -96.7678908, 0.0)",33.0229359,-96.7678908,0.0
55,72,216001,CHRISTUS Spohn Hospital-Kleberg,1311 East General Cavazos Boulevard,Kingsville,Kleberg,78363.0,Hospital,216.0,1311 East General Cavazos Boulevard,"1311 East General Cavazos Boulevard, Kingsville, TX 78363","1311, East General Cavazos Boulevard, Kingsville, Kleberg County, Texas, 78363, United States of America","(27.491429697691068, -97.8583347230561, 0.0)",27.491429697691068,-97.8583347230561,0.0
56,76,228001,Southwest General Hospital,7400 Barlite Boulevard,San Antonio,Bexar,78224.0,Hospital,228.0,7400 Barlite Boulevard,"7400 Barlite Boulevard, San Antonio, TX 78224","7400, Barlite Boulevard, San Antonio, Bexar County, Texas, 78224, United States of America","(29.353641294300434, -98.5464630734775, 0.0)",29.353641294300434,-98.5464630734775,0.0
57,77,229000,HCA Houston Healthcare Northwest,710 Cypress Creek Parkway,Houston,Harris,77090.0,Hospital,8655.0,710 Cypress Creek Parkway,"710 Cypress Creek Parkway, Houston, TX 77090","Cypress Creek Parkway, Houston, Harris County, Texas, 77090, United States of America","(30.0219122, -95.4266455, 0.0)",30.0219122,-95.4266455,0.0
58,78,230000,Oakbend Medical Center,1705 Jackson Street,Richmond,Fort Bend,77469.0,Hospital,230.0,1705 Jackson Street,"1705 Jackson Street, Richmond, TX 77469","1705, Jackson Street, Richmond, Fort Bend County, Texas, 77469, United States of America","(29.5767859, -95.77017411162757, 0.0)",29.5767859,-95.77017411162757,0.0
59,79,230001,Oakbend Medical Center,22003 Southwest Freeway,Richmond,Fort Bend,77469.0,Hospital,230.0,22003 Southwest Freeway,"22003 Southwest Freeway, Richmond, TX 77469","Southwest Freeway, Richmond, Fort Bend County, Texas, United States of America","(29.559167, -95.702131, 0.0)",29.559167,-95.702131,0.0
60,80,235000,Texas Health Harris Methodist Hospital-Fort Worth,1301 Pennsylvania Avenue,Fort Worth,Tarrant,76104.0,Hospital,235.0,1301 Pennsylvania Avenue,"1301 Pennsylvania Avenue, Fort Worth, TX 76104","1301, Pennsylvania Avenue, Fort Worth, Tarrant County, Texas, 76104, United States of America","(32.7369675, -97.33885905693137, 0.0)",32.7369675,-97.33885905693137,0.0
61,81,246000,Medical City-McKinney,4500 Medical Center Drive,McKinney,Collin,75069.0,Hospital,246.0,4500 Medical Center Drive,"4500 Medical Center Drive, McKinney, TX 75069","4500, Medical Center Drive, McKinney, Collin County, Texas, 75609, United States of America","(33.16003775, -96.63738999478934, 0.0)",33.16003775,-96.63738999478934,0.0
62,83,254001,Wise Health System,609 Medical Center Drive,Decatur,Wise,76234.0,Hospital,254.0,609 Medical Center Drive,"609 Medical Center Drive, Decatur, TX 76234","609, Medical Center Drive, Decatur, Wise County, Texas, 76234, United States of America","(33.216991300000004, -97.59386543899883, 0.0)",33.216991300000004,-97.59386543899883,0.0
63,84,255000,Methodist Dallas Medical Center,1441 North Beckley Avenue,Dallas,Dallas,75265.0,Hospital,255.0,1441 North Beckley Avenue,"1441 North Beckley Avenue, Dallas, TX 75265","Methodist Dallas Medical Center, North Beckley Avenue, Bishop Arts District, Oak Cliff, Dallas, Dallas County, Texas, 75203, United States of America","(32.761253350000004, -96.82504595860804, 0.0)",32.761253350000004,-96.82504595860804,0.0
64,86,262000,Coon Memorial Hospital & Home,1411 Denver Avenue,Dalhart,Hartley,79022.0,Critical Access Hospital,262.0,1411 Denver Avenue,"1411 Denver Avenue, Dalhart, TX 79022","1411, Denver Avenue, Dalhart, Hartley County, Texas, 79022, United States of America","(36.051562450000006, -102.52083198164796, 0.0)",36.051562450000006,-102.52083198164796,0.0
65,87,263000,University Medical Center of El Paso,4815 Alameda Avenue,El Paso,El Paso,79905.0,Hospital,263.0,4815 Alameda Avenue,"4815 Alameda Avenue, El Paso, TX 79905","University Medical Center, Alameda Avenue, Mission Hills, El Paso, El Paso County, Texas, 79905, United States of America","(31.7719749, -106.43488442875817, 0.0)",31.7719749,-106.43488442875817,0.0
66,90,283000,Metropolitan Methodist Hospital,1310 McCullough Avenue,San Antonio,Bexar,78212.0,Hospital,154.0,1310 McCullough Avenue,"1310 McCullough Avenue, San Antonio, TX 78212","1310, McCullough Avenue, Tobin Hill, San Antonio, Bexar County, Texas, 78212, United States of America","(29.4413288, -98.49112305956365, 0.0)",29.4413288,-98.49112305956365,0.0
67,93,294000,Hamilton Hospital,901 West Hamilton Street,Olney,Young,76374.0,Critical Access Hospital,294.0,901 West Hamilton Street,"901 West Hamilton Street, Olney, TX 76374","901, West Hamilton Street, Olney, Young County, Texas, 76374, United States of America","(33.3690172, -98.76418117128532, 0.0)",33.3690172,-98.76418117128532,0.0
68,94,297000,Wilson N Jones Regional Medical Center,500 North Highland Avenue,Sherman,Grayson,75092.0,Hospital,100066.0,500 North Highland Avenue,"500 North Highland Avenue, Sherman, TX 75092","Wilson N. Jones Regional Medical Center, North Highland Avenue, North Sherman Junction, Sherman, Grayson County, Texas, 75092, United States of America","(33.63607125, -96.62354897252422, 0.0)",33.63607125,-96.62354897252422,0.0
69,95,298000,North Texas Medical Center,1900 Hospital Boulevard,Gainesville,Cooke,76240.0,Hospital,100453.0,1900 Hospital Boulevard,"1900 Hospital Boulevard, Gainesville, TX 76240","North Texas Medical Center, Hospital Boulevard, Cook, Gainesville, Cooke County, Texas, 76240, United States of America","(33.64593885, -97.16252247246615, 0.0)",33.64593885,-97.16252247246615,0.0
70,96,300000,Baylor Scott & White Medical Center-Irving,1901 North Macarthur Boulevard,Irving,Dallas,75061.0,Hospital,300.0,1901 North Macarthur Boulevard,"1901 North Macarthur Boulevard, Irving, TX 75061","1901, North MacArthur Boulevard, Irving, Dallas County, Texas, 75061, United States of America","(32.8349093, -96.96102011870876, 0.0)",32.8349093,-96.96102011870876,0.0
71,97,301000,Doctors Hospital-Laredo,10700 McPherson Road,Laredo,Webb,78045.0,Hospital,301.0,10700 McPherson Road,"10700 McPherson Road, Laredo, TX 78045","Doctors Hospital of Laredo, McPherson Road, Del Mar, Laredo, Webb County, Texas, 78045, United States of America","(27.606654849999998, -99.4779249736694, 0.0)",27.606654849999998,-99.4779249736694,0.0
72,98,302000,Memorial Hermann Memorial City Medical Center,921 Gessner Road,Houston,Harris,77024.0,Hospital,302.0,921 Gessner Road,"921 Gessner Road, Houston, TX 77024","Memorial Hermann Memorial City Medical Center, Gessner Road, Spring Branch West, Houston, Harris County, Texas, 77024, United States of America","(29.78170415, -95.54671017208861, 0.0)",29.78170415,-95.54671017208861,0.0
73,100,307000,Covenant Hospital-Levelland,1900 College Avenue,Levelland,Hockley,79336.0,Hospital,307.0,1900 College Avenue,"1900 College Avenue, Levelland, TX 79336","1900, College Avenue, Levelland, Hockley County, Texas, 79336, United States of America","(33.5731789, -102.36891018869677, 0.0)",33.5731789,-102.36891018869677,0.0
74,101,314001,Valley Baptist Medical Center-Brownsville,1040 West Jefferson Street,Brownsville,Cameron,78520.0,Hospital,100105.0,1040 West Jefferson Street,"1040 West Jefferson Street, Brownsville, TX 78520","1040, West Jefferson Street, Riverside, Brownsville, Cameron County, Texas, 78520, United States of America","(25.9176866, -97.5091714, 0.0)",25.9176866,-97.5091714,0.0
75,102,315003,Dallas Regional Medical Center,1011 North Galloway Ave,Mesquite,Dallas,75149.0,Hospital,100292.0,1011 North Galloway Ave,"1011 North Galloway Ave, Mesquite, TX 75149","1011, North Galloway Avenue, Mesquite, Dallas County, Texas, 75149, United States of America","(32.77942506122449, -96.60000123469388, 0.0)",32.77942506122449,-96.60000123469388,0.0
76,103,318000,Northwest Texas Hospital,1501 Coulter Road,Amarillo,Potter,79106.0,Hospital,318.0,1501 Coulter Road,"1501 Coulter Road, Amarillo, TX 79106","Coulter Road, Cleta, Randall County, Texas, United States of America","(34.861561, -101.920369, 0.0)",34.861561,-101.920369,0.0
77,105,323000,Texas Health Harris Methodist Hospital Cleburne,201 Walls Drive,Cleburne,Johnson,76031.0,Hospital,323.0,201 Walls Drive,"201 Walls Drive, Cleburne, TX 76031","Texas Health Harris Methodist Hospital Cleburne, Walls Drive, Lebanon, Cleburne, Johnson County, Texas, 76033, United States of America","(32.3321414, -97.4387414265399, 0.0)",32.3321414,-97.4387414265399,0.0
78,106,331000,Baylor University Medical Center,3500 Gaston Avenue,Dallas,Dallas,75246.0,Hospital,331.0,3500 Gaston Avenue,"3500 Gaston Avenue, Dallas, TX 75246","Baylor University Medical Center, Gaston Avenue, Old East Dallas, Dallas, Dallas County, Texas, 75246, United States of America","(32.789943199999996, -96.77792352832815, 0.0)",32.789943199999996,-96.77792352832815,0.0
79,109,337001,HCA Houston Healthcare West,12141 Richmond Avenue,Houston,Harris,77082.0,Hospital,337.0,12141 Richmond Avenue,"12141 Richmond Avenue, Houston, TX 77082","West Houston Medical Center, Richmond Avenue, Alief, Houston, Harris County, Texas, 77082, United States of America","(29.7287812, -95.59442785453334, 0.0)",29.7287812,-95.59442785453334,0.0
80,110,339002,CHRISTUS Santa Rosa Hospital-Westover Hills,11212 State Highway 151,San Antonio,Bexar,78251.0,Hospital,339.0,11212 State Highway 151,"11212 State Highway 151, San Antonio, TX 78251","CHRISTUS Santa Rosa - Westover Hills, State Highway 151, Westover Hills, San Antonio, Bexar County, Texas, 78251, United States of America","(29.46699385, -98.69678232398758, 0.0)",29.46699385,-98.69678232398758,0.0
81,111,340000,Medical City Dallas Hospital,7777 Forest Lane,Dallas,Dallas,75230.0,Hospital,340.0,7777 Forest Lane,"7777 Forest Lane, Dallas, TX 75230","Medical City Dallas, Forest Lane, Gifford, Dallas, Dallas County, Texas, 75230, United States of America","(32.91149145, -96.7732312545507, 0.0)",32.91149145,-96.7732312545507,0.0
82,112,341000,Medical Arts Hospital,2200 North Bryan Ave,Lamesa,Dawson,79331.0,Hospital,100011.0,2200 North Bryan Ave,"2200 North Bryan Ave, Lamesa, TX 79331","2200, North Bryan Avenue, Lamesa, Dawson County, Texas, 79331, United States of America","(32.749730650000004, -101.96797142146573, 0.0)",32.749730650000004,-101.96797142146573,0.0
83,113,347000,Memorial Hermann - Texas Medical Center,6411 Fannin,Houston,Harris,77030.0,Hospital,347.0,6411 Fannin,"6411 Fannin, Houston, TX 77030","Memorial Hermann-Texas Medical Center, Fannin Street, Texas Medical Center, South Lawn, Houston, Harris County, Texas, 77030, United States of America","(29.713526700000003, -95.39627451784479, 0.0)",29.713526700000003,-95.39627451784479,0.0
84,114,348000,Nocona General Hospital,100 Park Road,Nocona,Montague,76255.0,Hospital,348.0,100 Park Road,"100 Park Road, Nocona, TX 76255","100, Park Road, Nocona, Montague County, Texas, 76255, United States of America","(33.77761235, -97.73242839853117, 0.0)",33.77761235,-97.73242839853117,0.0
85,115,349001,HCA Houston Healthcare Southeast,4000 Spencer Highway,Pasadena,Harris,77504.0,Hospital,349.0,4000 Spencer Highway,"4000 Spencer Highway, Pasadena, TX 77504","Bayshore Medical Center, Spencer Highway, Golden Acres, Pasadena, Harris County, Texas, 77504, United States of America","(29.66145195, -95.18391397474741, 0.0)",29.66145195,-95.18391397474741,0.0
86,118,367000,Reeves County Hospital,2323 Texas Street,Pecos,Reeves,79772.0,Critical Access Hospital,367.0,2323 Texas Street,"2323 Texas Street, Pecos, TX 79772","Reeves County Hospital, Texas Street, Mann, Pecos, Reeves County, Texas, 79772, United States of America","(31.40139155, -103.51390374311615, 0.0)",31.40139155,-103.51390374311615,0.0
87,119,370000,Mission Regional Medical Center,900 South Bryan Road,Mission,Hidalgo,78572.0,Hospital,370.0,900 South Bryan Road,"900 South Bryan Road, Mission, TX 78572","Mission Regional Medical Center, South Bryan Road, Leona Colonia, Mission, Hidalgo County, Texas, 78572, United States of America","(26.19590675, -98.31486920333285, 0.0)",26.19590675,-98.31486920333285,0.0
88,122,384000,Harris Health System Lyndon B Johnson Hospital,5656 Kelley Street,Houston,Harris,77026.0,Hospital,459.0,5656 Kelley Street,"5656 Kelley Street, Houston, TX 77026","Lyndon B. Johnson General Hospital, Kelley Street, North Shadydale, Houston, Harris County, Texas, 77026, United States of America","(29.811503199999997, -95.3130452882651, 0.0)",29.811503199999997,-95.3130452882651,0.0
89,123,389000,Baptist Hospitals of Southeast Texas,3080 College Street,Beaumont,Jefferson,77704.0,Hospital,389.0,3080 College Street,"3080 College Street, Beaumont, TX 77704","Baptist Hospitals of Southeast Texas - Beaumont Campus, College Street, West Oakland, Beaumont, Jefferson County, Texas, 77701, United States of America","(30.0713988, -94.1195904212728, 0.0)",30.0713988,-94.1195904212728,0.0
90,126,394000,Medical City Lewisville,500 West Main Street,Lewisville,Denton,75057.0,Hospital,394.0,500 West Main Street,"500 West Main Street, Lewisville, TX 75057","500, West Main Street, Lewisville, Denton County, Texas, 75057, United States of America","(33.0439834, -97.00443992528821, 0.0)",33.0439834,-97.00443992528821,0.0
91,128,397001,Adventhealth Central Texas,2201 South Clear Creek Road,Killeen,Bell,76549.0,Hospital,397.0,2201 South Clear Creek Road,"2201 South Clear Creek Road, Killeen, TX 76549","2201, South Clear Creek Road, Killeen, Bell County, Texas, 76549, United States of America","(31.1134775, -97.80159627565206, 0.0)",31.1134775,-97.80159627565206,0.0
92,129,398000,CHRISTUS Spohn Hospital Corpus Christi,2606 Hospital Boulevard,Corpus Christi,Nueces,78405.0,Hospital,398.0,2606 Hospital Boulevard,"2606 Hospital Boulevard, Corpus Christi, TX 78405","CHRISTUS Spohn Hospital Corpus Christi - Memorial, Hospital Boulevard, Central City, Corpus Christi, Nueces County, Texas, 78405, United States of America","(27.77982145, -97.41602803545402, 0.0)",27.77982145,-97.41602803545402,0.0
93,130,398001,CHRISTUS Spohn Hospital Corpus Christi-Shoreline,600 Elizabeth Street,Corpus Christi,Nueces,78404.0,Hospital,398.0,600 Elizabeth Street,"600 Elizabeth Street, Corpus Christi, TX 78404","CHRISTUS Spohn Hospital Corpus Christi - Shoreline, Elizabeth Street, Coopers Alley L-Head, Downtown, Corpus Christi, Nueces County, Texas, 78404, United States of America","(27.7780288, -97.3951476058707, 0.0)",27.7780288,-97.3951476058707,0.0
94,131,398002,CHRISTUS Spohn Hospital Corpus Christi-South,5950 Saratoga Boulevard,Corpus Christi,Nueces,78414.0,Hospital,398.0,5950 Saratoga Boulevard,"5950 Saratoga Boulevard, Corpus Christi, TX 78414","CHRISTUS Spohn Hospital Corpus Christi - South, Saratoga Boulevard, South Side, Corpus Christi, Nueces County, Texas, 78414, United States of America","(27.684444900000003, -97.3775415594925, 0.0)",27.684444900000003,-97.3775415594925,0.0
95,132,400000,Valley Baptist Medical Center,2101 Pease Street,Harlingen,Cameron,78550.0,Hospital,100104.0,2101 Pease Street,"2101 Pease Street, Harlingen, TX 78550","2101, Pease Street, Treasure Hills, Harlingen, Cameron County, Texas, 78550, United States of America","(26.17489185, -97.670396349075, 0.0)",26.17489185,-97.670396349075,0.0
96,133,405000,Houston Methodist Baytown Hospital,4401 Garth Road,Baytown,Harris,77521.0,Hospital,405.0,4401 Garth Road,"4401 Garth Road, Baytown, TX 77521","Houston Methodist San Jacinto Hospital, Garth Road, Pelly, Baytown, Harris County, Texas, 77521, United States of America","(29.7678206, -94.98014881097262, 0.0)",29.7678206,-94.98014881097262,0.0
97,134,406000,Peterson Regional Medical Center,551 Hill Country Drive,Kerrville,Kerr,78028.0,Hospital,8642.0,551 Hill Country Drive,"551 Hill Country Drive, Kerrville, TX 78028","Peterson Regional Medical Center, Hill Country Drive, Mount Wesley, Kerrville, Kerr County, Texas, 78028, United States of America","(30.04364555, -99.15276343380344, 0.0)",30.04364555,-99.15276343380344,0.0
98,135,407000,Memorial Hermann Southwest Hospital,7600 Beechnut,Houston,Harris,77074.0,Hospital,407.0,7600 Beechnut,"7600 Beechnut, Houston, TX 77074","Memorial Hermann Southwest Hospital, Beechnut Street, Jeanetta, Houston, Harris County, Texas, 77074, United States of America","(29.6938503, -95.52216338049186, 0.0)",29.6938503,-95.52216338049186,0.0
99,136,409000,John Peter Smith Hospital,1500 South Main Street,Fort Worth,Tarrant,76104.0,Hospital,409.0,1500 South Main Street,"1500 South Main Street, Fort Worth, TX 76104","1500, South Main Street, Fort Worth, Tarrant County, Texas, 76104, United States of America","(32.7270451, -97.32796714552929, 0.0)",32.7270451,-97.32796714552929,0.0
100,140,420000,Hereford Regional Medical Center,540 W 15th Street,Hereford,Deaf Smith,79045.0,Hospital,100121.0,540 W 15th Street,"540 W 15th Street, Hereford, TX 79045","540, West 15th Street, Hereford, Deaf Smith County, Texas, 79045, United States of America","(34.8389213, -102.41368042169026, 0.0)",34.8389213,-102.41368042169026,0.0
101,141,422000,Texas Health Arlington Memorial Hospital,800 West Randol Mill Road,Arlington,Tarrant,76012.0,Hospital,422.0,800 West Randol Mill Road,"800 West Randol Mill Road, Arlington, TX 76012","800, West Randol Mill Road, Arlington, Tarrant County, Texas, 76012, United States of America","(32.748553900000005, -97.11605125914541, 0.0)",32.748553900000005,-97.11605125914541,0.0
102,142,424000,Lake Granbury Medical Center,1310 Paluxy Road,Granbury,Hood,76048.0,Hospital,424.0,1310 Paluxy Road,"1310 Paluxy Road, Granbury, TX 76048","1310, Paluxy Road, Granbury, Hood County, Texas, 76048, United States of America","(32.432769699999994, -97.803831994042, 0.0)",32.432769699999994,-97.803831994042,0.0
103,144,427000,Medina Regional Hospital,3100 Avenue E,Hondo,Medina,78861.0,Critical Access Hospital,100046.0,3100 Avenue E,"3100 Avenue E, Hondo, TX 78861","3100, Avenue E, Hondo, Medina County, Texas, 78861, United States of America","(29.335020749999998, -99.13448948615905, 0.0)",29.335020749999998,-99.13448948615905,0.0
104,146,431000,Texas Health Presbyterian Hospital Dallas,8200 Walnut Hill Lane,Dallas,Dallas,75231.0,Hospital,431.0,8200 Walnut Hill Lane,"8200 Walnut Hill Lane, Dallas, TX 75231","Texas Health Presbyterian Hospital Dallas, Walnut Hill Lane, Vickery Meadows PID, Dallas, Dallas County, Texas, 75231, United States of America","(32.87977855, -96.76244674183924, 0.0)",32.87977855,-96.76244674183924,0.0
105,147,436000,CHI St Lukes Health Brazosport,100 Medical Drive,Lake Jackson,Brazoria,77566.0,Hospital,436.0,100 Medical Drive,"100 Medical Drive, Lake Jackson, TX 77566","CHI Saint Luke's Health Brazosport, Medical Drive, Ross, Lake Jackson, Brazoria County, Texas, 77566, United States of America","(29.0298232, -95.4526156627362, 0.0)",29.0298232,-95.4526156627362,0.0
106,148,439000,Cogdell Memorial Hospital,1700 Cogdell Boulevard,Snyder,Scurry,79549.0,Critical Access Hospital,8691.0,1700 Cogdell Boulevard,"1700 Cogdell Boulevard, Snyder, TX 79549","1700, Cogdell Boulevard, Snyder, Scurry County, Texas, 79549, United States of America","(32.6874145, -100.91730668151466, 0.0)",32.6874145,-100.91730668151466,0.0
107,151,448001,UT Southwestern University Hospital-Clements University,6201 Harry Hines Blvd,Dallas,Dallas,75390.0,Hospital,0.0,6201 Harry Hines Blvd,"6201 Harry Hines Blvd, Dallas, TX 75390","6201, Harry Hines Boulevard, Dallas, Dallas County, Texas, 75390, United States of America","(32.819493449999996, -96.8488466575298, 0.0)",32.819493449999996,-96.8488466575298,0.0
108,153,452000,Midland Memorial Hospital,400 Rosalind Redfern Grover Parkway,Midland,Midland,79701.0,Hospital,452.0,400 Rosalind Redfern Grover Parkway,"400 Rosalind Redfern Grover Parkway, Midland, TX 79701","Shinto Shrine, Rosalind Redfern Grover Parkway, Westover Place, Midland, Midland County, Texas, 79701, United States of America","(31.9976318, -102.0988026, 0.0)",31.9976318,-102.0988026,0.0
109,154,453000,DeTar Hospital-Navarro,506 East San Antonio Street,Victoria,Victoria,77901.0,Hospital,453.0,506 East San Antonio Street,"506 East San Antonio Street, Victoria, TX 77901","DeTar Hospital Navarro, East San Antonio Street, Dupre, Victoria, Victoria County, Texas, 77901, United States of America","(28.808133650000002, -96.99770287415996, 0.0)",28.808133650000002,-96.99770287415996,0.0
110,155,453001,DeTar Hospital-North,101 Medical Drive,Victoria,Victoria,77904.0,Hospital,453.0,101 Medical Drive,"101 Medical Drive, Victoria, TX 77904","DeTar Hospital North, Medical Drive, Dupre, Victoria, Victoria County, Texas, 77904, United States of America","(28.85448095, -97.01952338258526, 0.0)",28.85448095,-97.01952338258526,0.0
111,157,459000,Harris Health System Ben Taub Hospital,1504 Taub Loop,Houston,Harris,77030.0,Hospital,459.0,1504 Taub Loop,"1504 Taub Loop, Houston, TX 77030","Ben Taub General Hospital, Taub Loop, Texas Medical Center, South Lawn, Houston, Harris County, Texas, 77030, United States of America","(29.7106109, -95.39342919183, 0.0)",29.7106109,-95.39342919183,0.0
112,159,464002,Medical Center-Southeast Texas,2555 Jimmy Johnson Blvd,Port Arthur,Jefferson,77640.0,Hospital,464.0,2555 Jimmy Johnson Blvd,"2555 Jimmy Johnson Blvd, Port Arthur, TX 77640","2555, Jimmy Johnson Boulevard, Port Arthur, Jefferson County, Texas, 77640, United States of America","(29.9356256, -93.98894476836925, 0.0)",29.9356256,-93.98894476836925,0.0
113,160,465000,Covenant Medical Center,3615 19th Street,Lubbock,Lubbock,79408.0,Hospital,100454.0,3615 19th Street,"3615 19th Street, Lubbock, TX 79408","Covenant Medical Center, 19th Street, South Overton, Lubbock, Lubbock County, Texas, 79410, United States of America","(33.57689345, -101.89211173098738, 0.0)",33.57689345,-101.89211173098738,0.0
114,162,471000,Rolling Plains Memorial Hospital,200 East Arizona Ave,Sweetwater,Nolan,79556.0,Hospital,471.0,200 East Arizona Ave,"200 East Arizona Ave, Sweetwater, TX 79556","200, East Arizona Avenue, Sweetwater, Nolan County, Texas, 79556, United States of America","(32.4530775, -100.39741561961858, 0.0)",32.4530775,-100.39741561961858,0.0
115,163,474000,Parkland Memorial Hospital,5201 Harry Hines Boulevard,Dallas,Dallas,75235.0,Hospital,474.0,5201 Harry Hines Boulevard,"5201 Harry Hines Boulevard, Dallas, TX 75235","Harry Hines Boulevard, Oldham, Dallas, Dallas County, Texas, 75235, United States of America","(32.8305669, -96.8583636, 0.0)",32.8305669,-96.8583636,0.0
116,164,478000,Nacogdoches Memorial Hospital,1204 North Mound Street,Nacogdoches,Nacogdoches,75961.0,Hospital,478.0,1204 North Mound Street,"1204 North Mound Street, Nacogdoches, TX 75961","Nacogdoches Memorial Hospital, North Mound Street, Hayward Junction, Nacogdoches, Nacogdoches County, Texas, 75961, United States of America","(31.61251455, -94.64925106008067, 0.0)",31.61251455,-94.64925106008067,0.0
117,166,481000,Woodland Heights Medical Center,505 South John Redditt Drive,Lufkin,Angelina,75901.0,Hospital,481.0,505 South John Redditt Drive,"505 South John Redditt Drive, Lufkin, TX 75901","South John Redditt Drive, Lufkin, Angelina County, Texas, 75901, United States of America","(31.3101452, -94.725872, 0.0)",31.3101452,-94.725872,0.0
118,168,487000,Memorial Medical Center,815 North Virginia Street,Port Lavaca,Calhoun,77979.0,Critical Access Hospital,487.0,815 North Virginia Street,"815 North Virginia Street, Port Lavaca, TX 77979","815, North Virginia Street, Port Lavaca, Calhoun County, Texas, 77979, United States of America","(28.62039355, -96.63225012764119, 0.0)",28.62039355,-96.63225012764119,0.0
119,169,497000,Ascension Seton Medical Center,1201 West 38th Street,Austin,Travis,78705.0,Hospital,497.0,1201 West 38th Street,"1201 West 38th Street, Austin, TX 78705","Seton Medical Center Austin, West 38th Street, Rosedale, Austin, Travis County, Texas, 78705, United States of America","(30.305094150000002, -97.74610943639391, 0.0)",30.305094150000002,-97.74610943639391,0.0
120,170,500000,Hendrick Medical Center,1900 Pine,Abilene,Taylor,79601.0,Hospital,500.0,1900 Pine,"1900 Pine, Abilene, TX 79601","Abilene, Taylor County, Texas, United States of America","(32.44645, -99.7475905, 0.0)",32.44645,-99.7475905,0.0
121,171,502000,Medical City Arlington,3301 Matlock Road,Arlington,Tarrant,76015.0,Hospital,502.0,3301 Matlock Road,"3301 Matlock Road, Arlington, TX 76015","Medical City Arlington, Matlock Road, Southland Acres, Arlington, Tarrant County, Texas, 76015, United States of America","(32.69218405, -97.1129428701784, 0.0)",32.69218405,-97.1129428701784,0.0
122,172,503001,St Lukes Baptist Hospital,7930 Floyd Curl Drive,San Antonio,Bexar,78229.0,Hospital,114.0,7930 Floyd Curl Drive,"7930 Floyd Curl Drive, San Antonio, TX 78229","Saint Luke's Baptist Hospital, Floyd Curl Drive, South Texas Medical Center, San Antonio, Bexar County, Texas, 78229, United States of America","(29.512461549999998, -98.57515056577913, 0.0)",29.512461549999998,-98.57515056577913,0.0
123,175,508001,HCA Houston Healthcare Conroe,504 Medical Center Boulevard,Conroe,Montgomery,77304.0,Hospital,508.0,504 Medical Center Boulevard,"504 Medical Center Boulevard, Conroe, TX 77304","504, Medical Center Boulevard, Conroe, Montgomery County, Texas, 77304, United States of America","(30.2843191, -95.46818561196082, 0.0)",30.2843191,-95.46818561196082,0.0
124,177,513000,Baylor Scott & White Medical Center-Grapevine,1650 West College Street,Grapevine,Tarrant,76051.0,Hospital,513.0,1650 West College Street,"1650 West College Street, Grapevine, TX 76051","1650, West College Street, Grapevine, Tarrant County, Texas, 76051, United States of America","(32.933875150000006, -97.09405811661463, 0.0)",32.933875150000006,-97.09405811661463,0.0
125,178,525000,Longview Regional Medical Center,2901 North Fourth Street,Longview,Gregg,75605.0,Hospital,525.0,2901 North Fourth Street,"2901 North Fourth Street, Longview, TX 75605","Longview Regional Medical Center, North Fourth Street, Pegues Estates, Longview, Gregg County, Texas, 75605, United States of America","(32.53392735, -94.73059081178579, 0.0)",32.53392735,-94.73059081178579,0.0
126,179,534001,Memorial Hermann Katy Hospital,23900 Katy Freeway,Katy,Fort Bend,77494.0,Hospital,534.0,23900 Katy Freeway,"23900 Katy Freeway, Katy, TX 77494","Katy Freeway, Cardiff, Katy, Waller County, Texas, United States of America","(29.7773719, -95.8935179, 0.0)",29.7773719,-95.8935179,0.0
127,180,537000,Baylor Scott & White Medical Center Temple,2401 South 31st Street,Temple,Bell,76508.0,Hospital,537.0,2401 South 31st Street,"2401 South 31st Street, Temple, TX 76508","Baylor Scott & White Medical Center - Temple, South 31st Street, Gober, Temple, Bell County, Texas, 76508, United States of America","(31.07785755, -97.36273013920456, 0.0)",31.07785755,-97.36273013920456,0.0
128,181,537006,Baylor Scott & White McLane Childrens Medical Center,1901 Southwest H K Dodgen Loop,Temple,Bell,76502.0,Hospital,537.0,1901 Southwest H K Dodgen Loop,"1901 Southwest H K Dodgen Loop, Temple, TX 76502","1901, Southwest H K Dodgen Loop, Smith, Temple, Bell County, Texas, 76502, United States of America","(31.074732, -97.375526, 0.0)",31.074732,-97.375526,0.0
129,182,546000,Seymour Hospital,200 Stadium Drive,Seymour,Baylor,76380.0,Hospital,546.0,200 Stadium Drive,"200 Stadium Drive, Seymour, TX 76380","200, Stadium Drive, Seymour, Baylor County, Texas, 76380, United States of America","(33.59002529999999, -99.24870517572472, 0.0)",33.59002529999999,-99.24870517572472,0.0
130,186,559000,Ascension Seton Highland Lakes,3201 South Water Street,Burnet,Burnet,78611.0,Critical Access Hospital,559.0,3201 South Water Street,"3201 South Water Street, Burnet, TX 78611","3201, South Water Street, Burnet, Burnet County, Texas, 78611, United States of America","(30.7331706, -98.2361172477458, 0.0)",30.7331706,-98.2361172477458,0.0
131,187,560000,Rice Medical Center,600 South Austin Road,Eagle Lake,Colorado,77434.0,Critical Access Hospital,100136.0,600 South Austin Road,"600 South Austin Road, Eagle Lake, TX 77434","600, Austin Road, Eagle Lake, Colorado County, Texas, 77434, United States of America","(29.587906867848435, -96.34593296273711, 0.0)",29.587906867848435,-96.34593296273711,0.0
132,188,597000,Ascension Seton Edgar B Davis,130 Hays Street,Luling,Caldwell,78648.0,Critical Access Hospital,597.0,130 Hays Street,"130 Hays Street, Luling, TX 78648","Hays Street, Luling, Caldwell County, Texas, 78648, United States of America","(29.6725131, -97.6549388, 0.0)",29.6725131,-97.6549388,0.0
133,189,601000,Rio Grande Regional Hospital,101 East Ridge Road,McAllen,Hidalgo,78503.0,Hospital,601.0,101 East Ridge Road,"101 East Ridge Road, McAllen, TX 78503","Rio Grande Regional Hospital, East Ridge Road, Palm Heights Colonia, Pharr, Hidalgo County, Texas, 78503, United States of America","(26.18658035, -98.22126016585716, 0.0)",26.18658035,-98.22126016585716,0.0
134,190,602000,St Davids South Austin Hospital,901 West Ben White Boulevard,Austin,Travis,78704.0,Hospital,602.0,901 West Ben White Boulevard,"901 West Ben White Boulevard, Austin, TX 78704","901, West Ben White Boulevard, Galindo, Austin, Travis County, Texas, 78704, United States of America","(30.2252298, -97.7744774, 0.0)",30.2252298,-97.7744774,0.0
135,192,608000,Round Rock Medical Center,2400 Round Rock Avenue,Round Rock,Williamson,78681.0,Hospital,608.0,2400 Round Rock Avenue,"2400 Round Rock Avenue, Round Rock, TX 78681","Saint David's Round Rock Medical Center, Round Rock Avenue, The Oaklands, Round Rock, Williamson County, Texas, 78681, United States of America","(30.510429199999997, -97.71407728354596, 0.0)",30.510429199999997,-97.71407728354596,0.0
136,193,609001,Memorial Hermann Sugar Land,17500 WEST GRAND PARKWAY SOUTH,Sugar Land,Fort Bend,77459.0,Hospital,609.0,17500 WEST GRAND PARKWAY SOUTH,"17500 WEST GRAND PARKWAY SOUTH, Sugar Land, TX 77459","17500, West Grand Parkway South, Sugar Land, Fort Bend County, Texas, 77479, United States of America","(29.56523795, -95.69030895914179, 0.0)",29.56523795,-95.69030895914179,0.0
137,194,615000,Memorial Hermann The Woodlands Medical Center,9250 Pinecroft Drive,The Woodlands,Montgomery,77380.0,Hospital,615.0,9250 Pinecroft Drive,"9250 Pinecroft Drive, The Woodlands, TX 77380","Memorial Hermann The Woodlands Medical Center, Pinecroft Drive, The Woodlands Mall, Town Center, Shenandoah, Montgomery County, Texas, 77380, United States of America","(30.174836, -95.4540684979575, 0.0)",30.174836,-95.4540684979575,0.0
138,197,627000,Texas Health Harris Methodist Hospital-Southwest Fort Worth,6100 Harris Parkway,Fort Worth,Tarrant,76132.0,Hospital,627.0,6100 Harris Parkway,"6100 Harris Parkway, Fort Worth, TX 76132","6100, Harris Parkway, Fort Worth, Tarrant County, Texas, 76132, United States of America","(32.65776585, -97.42076355621977, 0.0)",32.65776585,-97.42076355621977,0.0
139,198,629001,Palestine Regional Medical Center,2900 South Loop 256,Palestine,Anderson,75801.0,Hospital,629.0,2900 South Loop 256,"2900 South Loop 256, Palestine, TX 75801","2900, Loop 256, Palestine, Anderson County, Texas, 75801, United States of America","(31.733989, -95.627579, 0.0)",31.733989,-95.627579,0.0
140,199,634000,Childrens Hospital of San Antonio,333 NORTH SANTA ROSA STREET,San Antonio,Bexar,78207.0,Hospital,100166.0,333 NORTH SANTA ROSA STREET,"333 NORTH SANTA ROSA STREET, San Antonio, TX 78207","333, North Santa Rosa Street, Cattleman's Square, San Antonio, Bexar County, Texas, 78207, United States of America","(29.42708335, -98.49852593728576, 0.0)",29.42708335,-98.49852593728576,0.0
141,200,654000,Golden Plains Community Hospital,100 Medical Drive,Borger,Hutchinson,79007.0,Critical Access Hospital,100111.0,100 Medical Drive,"100 Medical Drive, Borger, TX 79007","Golden Plains Community Hospital, Medical Drive, Bunavista, Borger, Hutchinson County, Texas, 79007, United States of America","(35.654848799999996, -101.40887183297083, 0.0)",35.654848799999996,-101.40887183297083,0.0
142,201,664000,Texas Health Presbyterian Hospital-Plano,6200 West Parker Road,Plano,Collin,75093.0,Hospital,664.0,6200 West Parker Road,"6200 West Parker Road, Plano, TX 75093","6200, West Parker Road, Plano, Collin County, Texas, 75093, United States of America","(33.043745349999995, -96.83625957378422, 0.0)",33.043745349999995,-96.83625957378422,0.0
143,204,686000,Covenant Childrens Hospital,4015 22nd Place,Lubbock,Lubbock,79408.0,Hospital,8638.0,4015 22nd Place,"4015 22nd Place, Lubbock, TX 79408","4015, 22nd Place, Lubbock, Lubbock County, Texas, 79410, United States of America","(33.57402218791946, -101.90105412080537, 0.0)",33.57402218791946,-101.90105412080537,0.0
144,205,689401,CHRISTUS Spohn Hospital Alice,2500 East Main Street,Alice,Jim Wells,78332.0,Hospital,6894.0,2500 East Main Street,"2500 East Main Street, Alice, TX 78332","CHRISTUS Spohn Hospital Alice, East Main Street, Kiesling's Colonia, Alice, Jim Wells County, Texas, 78332, United States of America","(27.76422075, -98.04174957632559, 0.0)",27.76422075,-98.04174957632559,0.0
145,206,703000,Corpus Christi Medical Center-Bay Area,7101 South Padre Island Drive,Corpus Christi,Nueces,78412.0,Hospital,703.0,7101 South Padre Island Drive,"7101 South Padre Island Drive, Corpus Christi, TX 78412","Corpus Christi Medical Center - Bay Area, South Padre Island Drive, Bay Area, Corpus Christi, Nueces County, Texas, 78412, United States of America","(27.693150199999998, -97.34493799204424, 0.0)",27.693150199999998,-97.34493799204424,0.0
146,207,703002,Corpus Christi Medical Center-Doctors Regional,3315 South Alameda,Corpus Christi,Nueces,78411.0,Hospital,703.0,3315 South Alameda,"3315 South Alameda, Corpus Christi, TX 78411","South Alameda, Bay Area, Corpus Christi, Nueces County, Texas, 78412, United States of America","(27.7157099, -97.3382838, 0.0)",27.7157099,-97.3382838,0.0
147,208,703003,Corpus Christi Medical Center-Heart Hospital,7002 Williams Drive,Corpus Christi,Nueces,78413.0,Hospital,703.0,7002 Williams Drive,"7002 Williams Drive, Corpus Christi, TX 78413","7002, Williams Drive, South Side, Corpus Christi, Nueces County, Texas, 78412, United States of America","(27.692418773749445, -97.34726055870317, 0.0)",27.692418773749445,-97.34726055870317,0.0
148,209,704004,Corpus Christi Medical Center-Northwest,13725 Northwest Blvd,Corpus Christi,Nueces,78410.0,Hospital,703.0,13725 Northwest Blvd,"13725 Northwest Blvd, Corpus Christi, TX 78410","Corpus Christi Medical Center - Northwest Regional, Northwest Boulevard, Calallen, Corpus Christi, Nueces County, Texas, 78410, United States of America","(27.854865750000002, -97.63581027768356, 0.0)",27.854865750000002,-97.63581027768356,0.0
149,211,714500,Ennis Regional Medical Center,2201 WEST LAMPASAS STREET,Ennis,Ellis,75119.0,Hospital,8531.0,2201 WEST LAMPASAS STREET,"2201 WEST LAMPASAS STREET, Ennis, TX 75119","West Lampasas Street, Sonoma, Ennis, Ellis County, Texas, 75119, United States of America","(32.3071611, -96.6451099, 0.0)",32.3071611,-96.6451099,0.0
150,212,724200,Texas Health Presbyterian Hospital Allen,1105 Central Expressway North Suite 140,Allen,Collin,75013.0,Hospital,7242.0,1105 CENTRAL EXPRESSWAY NORTH,"1105 CENTRAL EXPRESSWAY NORTH, Allen, TX 75013","Medical Office 2, Central Expressway North, Watters Creek, Cottonwood Creek, Allen, Collin County, Texas, 75013, United States of America","(33.11606095, -96.67410834497589, 0.0)",33.11606095,-96.67410834497589,0.0
151,213,724700,Houston Methodist Willowbrook Hospital,18220 Tomball Parkway,Houston,Harris,77070.0,Hospital,7247.0,18220 Tomball Parkway,"18220 Tomball Parkway, Houston, TX 77070","Tomball Parkway, Houston, Harris County, Texas, 77070, United States of America","(30.0126531, -95.5905094, 0.0)",30.0126531,-95.5905094,0.0
152,214,740000,St Lukes Hospital at the Vintage,20171 Chasewood Park Drive,Houston,Harris,77070.0,Hospital,100235.0,20171 Chasewood Park Drive,"20171 Chasewood Park Drive, Houston, TX 77070","Chasewood Park Drive, Houston, Harris County, Texas, 77070, United States of America","(29.9877111, -95.5721577, 0.0)",29.9877111,-95.5721577,0.0
153,215,787400,Baylor Scott & White Medical Center-Frisco,5601 Warren Parkway,Frisco,Collin,75034.0,Hospital,7874.0,5601 Warren Parkway,"5601 Warren Parkway, Frisco, TX 75034","5601, Warren Parkway, Frisco, Collin County, Texas, 75034, United States of America","(33.10527845, -96.83769144144706, 0.0)",33.10527845,-96.83769144144706,0.0
154,216,788001,CHRISTUS St Michael Health System,2600 St Michael Drive,Texarkana,Bowie,75503.0,Hospital,788.0,2600 St Michael Drive,"2600 St Michael Drive, Texarkana, TX 75503","Christus Saint Michael, Saint Michael Drive, Whatley, Texarkana, Bowie County, Texas, 75503, United States of America","(33.4638709, -94.07584685289379, 0.0)",33.4638709,-94.07584685289379,0.0
155,218,793000,HCA Houston Healthcare Mainland,6801 Emmett F Lowry Expressway,Texas City,Galveston,77591.0,Hospital,212.0,6801 Emmett F Lowry Expressway,"6801 Emmett F Lowry Expressway, Texas City, TX 77591","Mainland Medical Center, Emmett F Lowry Expressway, Nadeau, Texas City, Galveston County, Texas, 77591, United States of America","(29.3933371, -94.98654539799497, 0.0)",29.3933371,-94.98654539799497,0.0
156,219,793100,St Lukes The Woodlands Hospital,17200 St Lukes Way,The Woodlands,Montgomery,77385.0,Hospital,7931.0,17200 St Lukes Way,"17200 St Lukes Way, The Woodlands, TX 77385","CHI Saint Luke's Health–The Woodlands Hospital, Saint Luke's Way, Mason Pond, College Park, The Woodlands, Montgomery County, Texas, 77384, United States of America","(30.20473355, -95.45788173124129, 0.0)",30.20473355,-95.45788173124129,0.0
157,220,797100,Doctors Hospital-Renaissance,5501 South McColl,Edinburg,Hidalgo,78539.0,Hospital,7971.0,5501 South McColl,"5501 South McColl, Edinburg, TX 78539","5501, South McColl Road, McAllen, Hidalgo County, Texas, 78539, United States of America","(26.252761248322148, -98.20418630872483, 0.0)",26.252761248322148,-98.20418630872483,0.0
158,223,797600,Ascension Seton Northwest,11113 Research Boulevard,Austin,Travis,78759.0,Hospital,7976.0,11113 Research Boulevard,"11113 Research Boulevard, Austin, TX 78759","11113, Research Boulevard, Jollyville, Austin, Travis County, Texas, 78759, United States of America","(30.4052053, -97.74318489010352, 0.0)",30.4052053,-97.74318489010352,0.0
159,224,800010,Houston Methodist West Hospital,18500 Katy Freeway,Houston,Harris,77094.0,Hospital,100080.0,18500 Katy Freeway,"18500 Katy Freeway, Houston, TX 77094","18500, Katy Freeway, Houston, Harris County, Texas, 77094, United States of America","(29.78729135, -95.69810669235056, 0.0)",29.78729135,-95.69810669235056,0.0
160,225,802001,South Texas Health System McAllen,301 West Expressway 83,McAllen,Hidalgo,78503.0,Hospital,140.0,301 West Expressway 83,"301 West Expressway 83, McAllen, TX 78503","McAllen Medical Center, West Expressway 83, College Heights, Kane, McAllen, Hidalgo County, Texas, 78503, United States of America","(26.186878800000002, -98.22592798183837, 0.0)",26.186878800000002,-98.22592798183837,0.0
161,227,814000,Medical City Las Colinas,6800 North MacArthur Boulevard,Irving,Dallas,75039.0,Hospital,814.0,6800 North MacArthur Boulevard,"6800 North MacArthur Boulevard, Irving, TX 75039","Medical City Las Colinas, North MacArthur Boulevard, Las Colinas, Irving, Dallas County, Texas, 75039, United States of America","(32.902152349999994, -96.95718306379402, 0.0)",32.902152349999994,-96.95718306379402,0.0
162,228,814001,Baylor Scott & White Medical Center-Plano,4700 Alliance Boulevard,Plano,Collin,75093.0,Hospital,8140.0,4700 Alliance Boulevard,"4700 Alliance Boulevard, Plano, TX 75093","Baylor Scott & White Medical Center - Plano, Alliance Boulevard, Cowley, Plano, Collin County, Texas, 75093, United States of America","(33.0141448, -96.79111071604154, 0.0)",33.0141448,-96.79111071604154,0.0
163,229,820800,Texas Health Presbyterian Hospital-Denton,3000 I-35,Denton,Denton,76201.0,Hospital,8208.0,3000 I-35,"3000 I-35, Denton, TX 76201","I 35, Denton, Denton County, Texas, United States of America","(33.2989375, -97.1776222, 0.0)",33.2989375,-97.1776222,0.0
164,230,823000,Houston Methodist Sugar Land Hospital,16655 Southwest Freeway,Sugar Land,Fort Bend,77479.0,Hospital,823.0,16655 Southwest Freeway,"16655 Southwest Freeway, Sugar Land, TX 77479","Houston Methodist Sugar Land Hospital, Southwest Freeway, Paynes, Sugar Land, Fort Bend County, Texas, 77479, United States of America","(29.58961845, -95.63033368418519, 0.0)",29.58961845,-95.63033368418519,0.0
165,232,829900,North Austin Medical Center,12221 Mopac Expressway North,Austin,Travis,78758.0,Hospital,8299.0,12221 Mopac Expressway North,"12221 Mopac Expressway North, Austin, TX 78758","Mopac Expressway, North Crossing, Austin, Travis County, Texas, 78731:78759, United States of America","(30.3844963, -97.735884, 0.0)",30.3844963,-97.735884,0.0
166,234,835700,St Davids Georgetown Hospital,2000 Scenic Drive,Georgetown,Williamson,78626.0,Hospital,35.0,2000 Scenic Drive,"2000 Scenic Drive, Georgetown, TX 78626","2000, Scenic Drive, Georgetown, Williamson County, Texas, 78626, United States of America","(30.62666435, -97.68854840778079, 0.0)",30.62666435,-97.68854840778079,0.0
167,235,838600,St Joseph Medical Center,1401 St Joseph Parkway,Houston,Harris,77002.0,Hospital,8386.0,1401 St Joseph Parkway,"1401 St Joseph Parkway, Houston, TX 77002","1401, Saint Joseph Parkway, Houston, Harris County, Texas, 77002, United States of America","(29.7477865, -95.36620555381359, 0.0)",29.7477865,-95.36620555381359,0.0
168,240,852600,Baylor Scott & White Medical Center Round Rock,300 University Blvd,Round Rock,Williamson,78664.0,Hospital,8526.0,300 University Blvd,"300 University Blvd, Round Rock, TX 78664","300, University Boulevard, Eagle Ridge, Round Rock, Williamson County, Texas, 78665, United States of America","(30.56172, -97.6864743, 0.0)",30.56172,-97.6864743,0.0
169,241,858300,Cedar Park Regional Medical Center,1401 Medical Parkway,Cedar Park,Williamson,78613.0,Hospital,8583.0,1401 Medical Parkway,"1401 Medical Parkway, Cedar Park, TX 78613","1401, Medical Parkway, Cedar Park, Williamson County, Texas, 78613, United States of America","(30.53198675, -97.81178639720827, 0.0)",30.53198675,-97.81178639720827,0.0
170,242,859900,Texas Health Hospital Rockwall,3150 Horizon Road,Rockwall,Rockwall,75032.0,Hospital,8599.0,3150 Horizon Road,"3150 Horizon Road, Rockwall, TX 75032","Texas Health Presbyterian Hospital Rockwall, Horizon Road, Glen Hill, Rockwall, Rockwall County, Texas, 75032, United States of America","(32.8850033, -96.46646459206139, 0.0)",32.8850033,-96.46646459206139,0.0
171,243,861700,Ascension Seton Williamson,201 Seton Parkway,Round Rock,Williamson,78665.0,Hospital,8617.0,201 Seton Parkway,"201 Seton Parkway, Round Rock, TX 78665","Seton Medical Center Williamson, Seton Parkway, Lakeside, Round Rock, Williamson County, Texas, 78665, United States of America","(30.5670463, -97.65083208655942, 0.0)",30.5670463,-97.65083208655942,0.0
172,244,863300,CHRISTUS Santa Rosa Hospital New Braunfels,600 North Union Ave,New Braunfels,Comal,78130.0,Hospital,100165.0,600 North Union Ave,"600 North Union Ave, New Braunfels, TX 78130","CHRISTUS Santa Rosa - New Braunfels, North Union Avenue, Landa Park Estates, New Braunfels, Comal County, Texas, 78130, United States of America","(29.7159452, -98.12362250359274, 0.0)",29.7159452,-98.12362250359274,0.0
173,245,865000,The Hospitals of Providence East Campus,3280 Joe Battle Blvd,El Paso,El Paso,79938.0,Hospital,8650.0,3280 Joe Battle Blvd,"3280 Joe Battle Blvd, El Paso, TX 79938","The Hospitals of Providence - East Campus, Joe Battle Boulevard, Las Palmas Number 2 Colonia, El Paso, El Paso County, Texas, 79998, United States of America","(31.7904752, -106.26464412523352, 0.0)",31.7904752,-106.26464412523352,0.0
174,247,874100,Methodist Stone Oak Hospital,1139 East Sonterra Blvd,San Antonio,Bexar,78258.0,Hospital,8741.0,1139 East Sonterra Blvd,"1139 East Sonterra Blvd, San Antonio, TX 78258","Methodist Stone Oak Hospital, East Sonterra Boulevard, Stone Oak, San Antonio, Bexar County, Texas, 78258, United States of America","(29.615997049999997, -98.47467693334383, 0.0)",29.615997049999997,-98.47467693334383,0.0
175,248,919000,Baylor Scott & White Medical Center Sunnyvale,231 South Collins Road,Sunnyvale,Dallas,75182.0,Hospital,100033.0,231 South Collins Road,"231 South Collins Road, Sunnyvale, TX 75182","231, South Collins Road, Mesquite, Dallas County, Texas, 75182, United States of America","(32.778764100000004, -96.56864621757028, 0.0)",32.778764100000004,-96.56864621757028,0.0
176,249,921000,Ascension Seton Hays,6001 Kyle Parkway,Kyle,Hays,78640.0,Hospital,100029.0,6001 Kyle Parkway,"6001 Kyle Parkway, Kyle, TX 78640","6001, Kyle Parkway, the Village at Kyle, Kyle, Hays County, Texas, 78640, United States of America","(30.0100267, -97.8523441, 0.0)",30.0100267,-97.8523441,0.0
177,250,943000,Texas Health Presbyterian Hospital Flower Mound,4400 Long Prairie Road,Flower Mound,Denton,75028.0,Hospital,100056.0,4400 Long Prairie Road,"4400 Long Prairie Road, Flower Mound, TX 75028","4400, Long Prairie Road, Flower Mound, Denton County, Texas, 75028, United States of America","(33.045824800000005, -97.06745997038328, 0.0)",33.045824800000005,-97.06745997038328,0.0
178,253,971900,Baylor Scott & White Medical Center McKinney,5252 West University Drive,McKinney,Collin,75071.0,Hospital,100153.0,5252 West University Drive,"5252 West University Drive, McKinney, TX 75071","West University Drive, McKinney, Collin County, Texas, 75069, United States of America","(33.211394, -96.6127555, 0.0)",33.211394,-96.6127555,0.0
179,254,972900,Texas Health Harris Methodist Hospital Alliance,10864 Texas Health Trail,Fort Worth,Tarrant,76131.0,Hospital,100162.0,10864 Texas Health Trail,"10864 Texas Health Trail, Fort Worth, TX 76131","10864, Texas Health Trail, Fort Worth, Tarrant County, Texas, 76244, United States of America","(32.931336447522845, -97.30926740818288, 0.0)",32.931336447522845,-97.30926740818288,0.0
180,255,973640,Houston Methodist St John Hospital,18300 St John Drive,Nassau Bay,Harris,77058.0,Hospital,100241.0,18300 St John Drive,"18300 St John Drive, Nassau Bay, TX 77058","18300, Saint John Drive, Nassau Bay, Harris County, Texas, 77058, United States of America","(29.5501643, -95.0870048642127, 0.0)",29.5501643,-95.0870048642127,0.0
181,256,973840,Wise Health Surgical Hospital,3200 North Tarrant Parkway,Fort Worth,Tarrant,76177.0,Hospital,100335.0,3200 North Tarrant Parkway,"3200 North Tarrant Parkway, Fort Worth, TX 76177","3200, North Tarrant Parkway, Fort Worth, Tarrant County, Texas, 76177, United States of America","(32.89677485, -97.31265874496627, 0.0)",32.89677485,-97.31265874496627,0.0
182,257,973850,Resolute Health,555 Creekside Crossing,New Braunfels,Comal,78130.0,Hospital,100255.0,555 Creekside Crossing,"555 Creekside Crossing, New Braunfels, TX 78130","Resolute Health Hospital, Creekside Crossing, Town Center at Creekside, Freiheit, New Braunfels, Comal County, Texas, 78130, United States of America","(29.7205877, -98.06964272347676, 0.0)",29.7205877,-98.06964272347676,0.0
183,259,974390,HCA Houston Healthcare Pearland,11100 Shadow Creek Parkway,Pearland,Brazoria,77584.0,Hospital,100283.0,11100 Shadow Creek Parkway,"11100 Shadow Creek Parkway, Pearland, TX 77584","Shadow Creek Parkway, Shadow Creek Ranch, Pearland, Brazoria County, Texas, 77047-4593, United States of America","(29.5772205, -95.4080861, 0.0)",29.5772205,-95.4080861,0.0
184,260,974490,Medical City Alliance,3101 North Tarrant Parkway,Fort Worth,Tarrant,76177.0,Hospital,100288.0,3101 North Tarrant Parkway,"3101 North Tarrant Parkway, Fort Worth, TX 76177","3101, North Tarrant Parkway, Fort Worth, Tarrant County, Texas, 76177, United States of America","(32.89968895, -97.31380504683743, 0.0)",32.89968895,-97.31380504683743,0.0
185,263,975138,Memorial Hermann Pearland Hospital,16100 South Freeway,Pearland,Brazoria,77584.0,Hospital,119.0,16100 South Freeway,"16100 South Freeway, Pearland, TX 77584","South Freeway, Pearland, Brazoria County, Texas, 74404, United States of America","(29.5629154, -95.3875368, 0.0)",29.5629154,-95.3875368,0.0
186,264,975139,Medical City Frisco,5500 Frisco Square Blvd,Frisco,Collin,75034.0,Hospital,214.0,5500 Frisco Square Blvd,"5500 Frisco Square Blvd, Frisco, TX 75034","5500, Frisco Square Boulevard, Frisco, Collin County, Texas, 75034, United States of America","(33.1508853, -96.8387712, 0.0)",33.1508853,-96.8387712,0.0
187,265,975140,UTMB League City Campus Hospital,2240 Gulf Freeway South,League City,Galveston,77573.0,Hospital,0.0,2240 Gulf Freeway South,"2240 Gulf Freeway South, League City, TX 77573","2240, Gulf Freeway, Northpointe, League City, Galveston County, Texas, 77573, United States of America","(29.48315809090909, -95.10159781818182, 0.0)",29.48315809090909,-95.10159781818182,0.0
188,266,975159,Christus Mother Frances Hospital Sulphur Springs,115 Airport Road,Sulphur Springs,Hopkins,75482.0,Hospital,100359.0,115 Airport Road,"115 Airport Road, Sulphur Springs, TX 75482","115, Airport Road, Sulphur Springs, Hopkins County, Texas, 75482, United States of America","(33.156781, -95.5985667, 0.0)",33.156781,-95.5985667,0.0
189,267,975165,Baylor Scott & White Medical Center Lakeway,100 Medical Parkway,Lakeway,Travis,78738.0,Hospital,8526.0,100 Medical Parkway,"100 Medical Parkway, Lakeway, TX 78738","Baylor Scott & White Medical Center, Medical Parkway, Vistas at Lakeway, The Boulevard, Lakeway, Travis County, Texas, 78738, United States of America","(30.332939500000002, -97.97157802630596, 0.0)",30.332939500000002,-97.97157802630596,0.0
190,269,975188,The Hospitals of Providence Transmountain Campus,2000 Transmountain Road,El Paso,El Paso,79911.0,Hospital,100376.0,2000 Transmountain Road,"2000 Transmountain Road, El Paso, TX 79911","2000, Woodrow Bean Transmountain Drive, El Paso, El Paso County, Texas, 79911, United States of America","(31.90444995, -106.56505951483062, 0.0)",31.90444995,-106.56505951483062,0.0
191,270,975201,Memorial Hermann Cypress Hospital,27800 Northwest Freeway,Cypress,Harris,77433.0,Hospital,347.0,27800 Northwest Freeway,"27800 Northwest Freeway, Cypress, TX 77433","27800, Northwest Freeway, Villages of Cypress Lakes, Harris County, Texas, 77433, United States of America","(29.9867766, -95.73257512577361, 0.0)",29.9867766,-95.73257512577361,0.0
192,272,975215,Dell Seton Medical Center at The University of Texas,1500 Red River Street,Austin,Travis,78701.0,Hospital,335.0,1500 Red River Street,"1500 Red River Street, Austin, TX 78701","1500, Red River Street, Austin, Travis County, Texas, 78701, United States of America","(30.27658895, -97.73451566792798, 0.0)",30.27658895,-97.73451566792798,0.0
193,274,975241,Medical City Weatherford,713 E Anderson St,Weatherford,Parker,76086.0,Hospital,100400.0,713 E Anderson St,"713 E Anderson St, Weatherford, TX 76086","713, East Anderson Street, Weatherford, Parker County, Texas, 76086, United States of America","(32.7479923, -97.78575715481713, 0.0)",32.7479923,-97.78575715481713,0.0
194,275,975268,City Hospital at White Rock,9440 Poppy Drive,Dallas,Dallas,75218.0,Hospital,100422.0,9440 Poppy Drive,"9440 Poppy Drive, Dallas, TX 75218","City Hospital at White Rock, Poppy Drive, Reinhardt, Dallas, Dallas County, Texas, 75218, United States of America","(32.8346015, -96.70573559387194, 0.0)",32.8346015,-96.70573559387194,0.0
195,276,975285,Baylor Scott & White Medical Center Centennial,12505 Lebanon Road,Frisco,Collin,75035.0,Hospital,100421.0,12505 Lebanon Road,"12505 Lebanon Road, Frisco, TX 75035","12505, Lebanon Road, Frisco, Collin County, Texas, 75035, United States of America","(33.114376899999996, -96.77048231110005, 0.0)",33.114376899999996,-96.77048231110005,0.0
196,278,975293,UT Health East Texas Athens Hospital,2000 South Palestine Street,Athens,Henderson,75751.0,Hospital,100426.0,2000 South Palestine Street,"2000 South Palestine Street, Athens, TX 75751","2000, South Palestine Street, Athens, Henderson County, Texas, 75751, United States of America","(32.170580900000004, -95.84632240898453, 0.0)",32.170580900000004,-95.84632240898453,0.0
197,279,975295,UT Health East Texas Henderson Hospital,300 Wilson Street,Henderson,Rusk,75652.0,Hospital,100428.0,300 Wilson Street,"300 Wilson Street, Henderson, TX 75652","UT Health - Henderson, Wilson Street, Lake View, Henderson, Rusk County, Texas, 75652, United States of America","(32.16041345, -94.79545830921626, 0.0)",32.16041345,-94.79545830921626,0.0
198,280,975296,UT Health East Texas Jacksonville Hospital,501 South Ragsdale Street,Jacksonville,Cherokee,75766.0,Hospital,100429.0,501 South Ragsdale Street,"501 South Ragsdale Street, Jacksonville, TX 75766","501, South Ragsdale Street, Jacksonville, Cherokee County, Texas, 75766, United States of America","(31.9601097, -95.27055848511714, 0.0)",31.9601097,-95.27055848511714,0.0
199,281,975299,UT Health East Texas Tyler Regional Hospital,1000 South Beckham Avenue,Tyler,Smith,75701.0,Hospital,100433.0,1000 South Beckham Avenue,"1000 South Beckham Avenue, Tyler, TX 75701","1000, South Beckham Avenue, Tyler, Smith County, Texas, 75701, United States of America","(32.33827745, -95.29032335732722, 0.0)",32.33827745,-95.29032335732722,0.0
200,282,975354,UTMB Clear Lake Hospital,200 Blossom Street,Webster,Harris,77598.0,Hospital,0.0,200 Blossom Street,"200 Blossom Street, Webster, TX 77598","200, Blossom Street, Webster, Harris County, Texas, 77598, United States of America","(29.5449721, -95.12576854636114, 0.0)",29.5449721,-95.12576854636114,0.0
201,0,102,UT Medical Branch Hospital,301 University Blvd,Galveston,Galveston,77550.0,Hospital,0.0,301 University Blvd,"301 University Blvd, Galveston, TX 77550","301 University Boulevard - 6th Street, Galveston, Texas 77555, United States","(29.311028, -94.778007, 0.0)",29.311028,-94.778007,0.0
202,6,10000,WJ Mangold Memorial Hospital,320 North Main Street/PO Box 37,Lockney,Floyd,79241.0,Critical Access Hospital,10.0,320 NORTH MAIN STREET,"320 NORTH MAIN STREET, Lockney, TX 79241","North Main Street, Lockney, Texas 79241, United States","(34.1310763, -101.4417165, 0.0)",34.1310763,-101.4417165,0.0
203,11,26000,Childress Regional Medical Center,Highway 83 North,Childress,Childress,79201.0,Hospital,26.0,Highway 83 North,"Highway 83 North, Childress, TX 79201","US Route 83, Childress, Texas 79201, United States","(34.436709, -100.225872, 0.0)",34.436709,-100.225872,0.0
204,18,46000,Faith Community Hospital,215 Chisholm Trail,Jacksboro,Jack,76458.0,Hospital,100322.0,215 Chisholm Trail,"215 Chisholm Trail, Jacksboro, TX 76458","215 Chisholm Trl, Jacksboro, Texas 76458, United States","(33.22181, -98.1665, 0.0)",33.22181,-98.1665,0.0
205,29,74000,Cuero Regional Hospital,2550 North Esplanade,Cuero,DeWitt,77954.0,Hospital,74.0,2550 North Esplanade,"2550 North Esplanade, Cuero, TX 77954","2550 North Esplanade Street, Cuero, Texas 77954, United States","(29.112656, -97.283504, 0.0)",29.112656,-97.283504,0.0
206,33,91001,Abilene Regional Medical Center,6250 Highway 83-84,Abilene,Taylor,79606.0,Hospital,91.0,6250 Highway 83-84,"6250 Highway 83-84, Abilene, TX 79606","6250 Hwy 83-84, Abilene, Texas 79606, United States","(32.375089, -99.743597, 0.0)",32.375089,-99.743597,0.0
207,35,95003,Paris Regional Medical Center North Campus,865 DeShong Drive,Paris,Lamar,75461.0,Hospital,95.0,865 DeShong Drive,"865 DeShong Drive, Paris, TX 75461","865 Deshong Drive, Paris, Texas 75460, United States","(33.687553, -95.547531, 0.0)",33.687553,-95.547531,0.0
208,46,129000,CHI St Lukes Health Memorial Lufkin,1201 West Frank Street,Lufkin,Angelina,75904.0,Hospital,129.0,1201 West Frank Street,"1201 West Frank Street, Lufkin, TX 75904","1201 W Frank Ave, Lufkin, Texas 75904, United States","(31.3368, -94.74378, 0.0)",31.3368,-94.74378,0.0
209,49,137000,Titus Regional Medical Center,2001 North Jefferson,Mount Pleasant,Titus,75455.0,Hospital,137.0,2001 North Jefferson,"2001 North Jefferson, Mount Pleasant, TX 75455","2001 North Jefferson Avenue, Mount Pleasant, Texas 75455, United States","(33.175735, -94.971809, 0.0)",33.175735,-94.971809,0.0
210,51,141000,Navarro Regional Hospital,3201 West Highway 22,Corsicana,Navarro,75110.0,Hospital,141.0,3201 West Highway 22,"3201 West Highway 22, Corsicana, TX 75110","3201 W State Highway 22, Corsicana, Texas 75110, United States","(32.08502, -96.50384, 0.0)",32.08502,-96.50384,0.0
211,52,142000,Methodist Charlton Medical Center,3500 Wheatland Road,Dallas,Dallas,75237.0,Hospital,142.0,3500 Wheatland Road,"3500 Wheatland Road, Dallas, TX 75237","3500 West Wheatland Road, Dallas, Texas 75237, United States","(32.645185, -96.87635, 0.0)",32.645185,-96.87635,0.0
212,55,146000,Covenant Hospital-Plainview,2601 Dimmit Road,Plainview,Hale,79072.0,Hospital,146.0,2601 Dimmit Road,"2601 Dimmit Road, Plainview, TX 79072","2601 Dimmitt Road, Plainview, Texas 79072, United States","(34.206576, -101.732655, 0.0)",34.206576,-101.732655,0.0
213,67,199000,Memorial Hospital,224 East Second Street,Dumas,Moore,79029.0,Hospital,199.0,224 East Second Street,"224 East Second Street, Dumas, TX 79029","224 E 2nd St, Dumas, Texas 79029, United States","(35.86419, -101.97076, 0.0)",35.86419,-101.97076,0.0
214,73,217000,Lamb Healthcare Center,1500 South Sunset,Littlefield,Lamb,79339.0,Hospital,217.0,1500 South Sunset,"1500 South Sunset, Littlefield, TX 79339","1500 S Sunset Ave, Littlefield, Texas 79339, United States","(33.91128, -102.34536, 0.0)",33.91128,-102.34536,0.0
215,74,219000,Hill Country Memorial Hospital,1020 State Highway 16 South,Fredericksburg,Gillespie,78624.0,Hospital,219.0,1020 State Highway 16 South,"1020 State Highway 16 South, Fredericksburg, TX 78624","1020 South State Highway 16, Fredericksburg, Texas 78624, United States","(30.261653, -98.88194, 0.0)",30.261653,-98.88194,0.0
216,85,256000,Texas Health Harris Methodist Hospital-Stephenville,411 North Belknap,Stephenville,Erath,76401.0,Hospital,256.0,411 North Belknap,"411 North Belknap, Stephenville, TX 76401","411 North Belknap Street, Stephenville, Texas 76401, United States","(32.222962, -98.204215, 0.0)",32.222962,-98.204215,0.0
217,88,266000,The Hospitals of Providence Sierra Campus,1625 Medical Center Drive,El Paso,El Paso,79902.0,Hospital,266.0,1625 Medical Center Drive,"1625 Medical Center Drive, El Paso, TX 79902","1625 Medical Center Street, El Paso, Texas 79902, United States","(31.777568, -106.480603, 0.0)",31.777568,-106.480603,0.0
218,91,285000,Baylor Scott & White Medical Center Waxahachie,2400 N I-35 E,Waxahachie,Ellis,75165.0,Hospital,100275.0,2400 N I-35 E,"2400 N I-35 E, Waxahachie, TX 75165","2400 N Interstate 35, Waxahachie, Texas 75165, United States","(32.427521, -96.857594, 0.0)",32.427521,-96.857594,0.0
219,92,286000,Christus Mother Frances Hospital Tyler,800 East Dawson,Tyler,Smith,75701.0,Hospital,286.0,800 East Dawson,"800 East Dawson, Tyler, TX 75701","800 E Dawson St, Tyler, Texas 75701, United States","(32.34263, -95.29062, 0.0)",32.34263,-95.29062,0.0
220,99,303000,Texas Health Presbyterian Hospital-Kaufman,850 Ed Hall Drive,Kaufman,Kaufman,75142.0,Hospital,303.0,850 Ed Hall Drive,"850 Ed Hall Drive, Kaufman, TX 75142","850 Ed Hall Dr, Kaufman, Texas 75142, United States","(32.592259, -96.317899, 0.0)",32.592259,-96.317899,0.0
221,104,319000,Del Sol Medical Center,10301 Gateway West,El Paso,El Paso,79925.0,Hospital,180.0,10301 Gateway West,"10301 Gateway West, El Paso, TX 79925","10301 Gateway Boulevard West, El Paso, Texas 79925, United States","(31.756813, -106.349887, 0.0)",31.756813,-106.349887,0.0
222,116,356000,Pecos County Memorial Hospital,387 West I-10,Fort Stockton,Pecos,79735.0,Hospital,356.0,387 West I-10,"387 West I-10, Fort Stockton, TX 79735","387 W Interstate 10, Fort Stockton, Texas 79735, United States","(30.9176, -103.12664, 0.0)",30.9176,-103.12664,0.0
223,117,363000,Baylor Scott & White All Saints Medical Center-Fort Worth,1400 Eighth Avenue,Fort Worth,Tarrant,76101.0,Hospital,363.0,1400 Eighth Avenue,"1400 Eighth Avenue, Fort Worth, TX 76101","1400 8th Avenue, Fort Worth, Texas 76104, United States","(32.729662, -97.345582, 0.0)",32.729662,-97.345582,0.0
224,121,383000,Hill Regional Hospital,101 CIRCLE DRIVE,Hillsboro,Hill,76645.0,Hospital,383.0,101 CIRCLE DRIVE,"101 CIRCLE DRIVE, Hillsboro, TX 76645","101 Circle Dr, Hillsboro, Texas 76645, United States","(32.01243, -97.09919, 0.0)",32.01243,-97.09919,0.0
225,124,392000,Nacogdoches Medical Center,4920 N. E. Stallings Drive,Nacogdoches,Nacogdoches,75965.0,Hospital,392.0,4920 N. E. Stallings Drive,"4920 N. E. Stallings Drive, Nacogdoches, TX 75965","4920 NE Stallings Dr, Nacogdoches, Texas 75965, United States","(31.65213, -94.65483, 0.0)",31.65213,-94.65483,0.0
226,125,393000,Starr County Memorial Hospital,128 North FM 3167,Rio Grande City,Starr,78582.0,Hospital,393.0,128 North FM 3167,"128 North FM 3167, Rio Grande City, TX 78582","128 N FM 3167, Rio Grande City, Texas 78582, United States","(26.3865, -98.87108, 0.0)",26.3865,-98.87108,0.0
227,139,417000,United Regional Health Care System,1600 Eleventh Street,Wichita Falls,Wichita,76301.0,Hospital,417.0,1600 Eleventh Street,"1600 Eleventh Street, Wichita Falls, TX 76301","1600 11th St, Wichita Falls, Texas 76301, United States","(33.903, -98.50041, 0.0)",33.903,-98.50041,0.0
228,143,425000,Odessa Regional Medical Center,520 East Sixth Street,Odessa,Ector,79761.0,Hospital,425.0,520 East Sixth Street,"520 East Sixth Street, Odessa, TX 79761","520 East 6th Street, Odessa, Texas 79761, United States","(31.851086, -102.365556, 0.0)",31.851086,-102.365556,0.0
229,145,429001,CHRISTUS Spohn Hospital-Beeville,1500 East Houston Highway,Beeville,Bee,78102.0,Hospital,429.0,1500 East Houston Highway,"1500 East Houston Highway, Beeville, TX 78102","1500 E Houston St, Beeville, Texas 78102, United States","(28.40617, -97.73073, 0.0)",28.40617,-97.73073,0.0
230,149,441000,Frio Regional Hospital,200 S IH-35,Pearsall,Frio,78061.0,Hospital,441.0,200 S IH-35,"200 S IH-35, Pearsall, TX 78061","200 S Interstate 35, Pearsall, Texas 78061, United States","(28.89741, -99.11526, 0.0)",28.89741,-99.11526,0.0
231,150,444001,CHRISTUS Southeast Texas - St Elizabeth,2830 Calder Avenue,Beaumont,Jefferson,77726.0,Hospital,444.0,2830 Calder Avenue,"2830 Calder Avenue, Beaumont, TX 77726","2830 Calder Avenue, Beaumont, Texas 77702, United States","(30.086619, -94.131292, 0.0)",30.086619,-94.131292,0.0
232,152,449000,Dallas Medical Center,Seven Medical Parkway,Dallas,Dallas,75234.0,Hospital,100214.0,Seven Medical Parkway,"Seven Medical Parkway, Dallas, TX 75234","Medical Parkway, Dallas, Texas 75234, United States","(32.9158336, -96.8684653, 0.0)",32.9158336,-96.8684653,0.0
233,158,462000,Val Verde Regional Medical Center,801 Bedell Avenue,Del Rio,Val Verde,78840.0,Hospital,462.0,801 Bedell Avenue,"801 Bedell Avenue, Del Rio, TX 78840","801 N Bedell Ave, Del Rio, Texas 78840, United States","(29.37409, -100.89246, 0.0)",29.37409,-100.89246,0.0
234,161,466000,CHI St Lukes Health - Memorial Livingston,1717 Highway 59 Bypass,Livingston,Polk,77351.0,Hospital,466.0,1717 Highway 59 Bypass,"1717 Highway 59 Bypass, Livingston, TX 77351","1717 Hwy 59 Byp, Livingston, Texas 77351, United States","(30.731288, -94.939502, 0.0)",30.731288,-94.939502,0.0
235,165,480000,Knapp Medical Center,1401 East Eighth Street,Weslaco,Hidalgo,78599.0,Hospital,480.0,1401 East Eighth Street,"1401 East Eighth Street, Weslaco, TX 78599","1401 E 8th St, Weslaco, Texas 78596, United States","(26.15206, -97.97756, 0.0)",26.15206,-97.97756,0.0
236,167,485000,Yoakum County Hospital,412 North Mustang Avenue,Denver City,Yoakum,79323.0,Critical Access Hospital,485.0,412 North Mustang Avenue,"412 North Mustang Avenue, Denver City, TX 79323","412 Mustang Dr, Denver City, Texas 79323, United States","(32.96807, -102.83631, 0.0)",32.96807,-102.83631,0.0
237,174,506001,Baylor Scott & White Medical Center Hillcrest,100 Hillcrest Medical Center Blvd,Waco,McLennan,76712.0,Hospital,506.0,100 Hillcrest Medical Center Blvd,"100 Hillcrest Medical Center Blvd, Waco, TX 76712","100 Hillcrest Medical Blvd, Woodway, Texas 76712, United States","(31.48354, -97.2446, 0.0)",31.48354,-97.2446,0.0
238,183,547001,Fort Duncan Regional Medical Center,3333 North Foster Maldonado,Eagle Pass,Maverick,78852.0,Hospital,547.0,3333 North Foster Maldonado,"3333 North Foster Maldonado, Eagle Pass, TX 78852","3333 N Foster Maldonado Blvd, Eagle Pass, Texas 78852, United States","(28.70997, -100.45369, 0.0)",28.70997,-100.45369,0.0
239,184,549001,Bush Renner,2831 East President Bush Highway,Richardson,Collin,75082.0,Hospital,100131.0,2831 East President Bush Highway,"2831 East President Bush Highway, Richardson, TX 75082","Richardson, Texas 75082, United States","(32.98, -96.71, 0.0)",32.98,-96.71,0.0
240,195,622001,Texas NeuroRehab Center,1106 West Dittmar Road,Austin,Travis,78745.0,Hospital,622.0,1106 West Dittmar Road,"1106 West Dittmar Road, Austin, TX 78745","1106 Dittmar Road, Austin, Texas 78745, United States","(30.186171, -97.805346, 0.0)",30.186171,-97.805346,0.0
241,202,675000,HCA Houston Healthcare Kingwood,22999 US Highway 59,Kingwood,Montgomery,77339.0,Hospital,675.0,22999 US Highway 59,"22999 US Highway 59, Kingwood, TX 77339","22999 Highway 59 N, Kingwood, Texas 77339, United States","(30.04995, -95.25455, 0.0)",30.04995,-95.25455,0.0
242,203,677001,North Central Baptist Hospital,520 Madison Oak,San Antonio,Bexar,78258.0,Hospital,114.0,520 Madison Oak,"520 Madison Oak, San Antonio, TX 78258","520 Madison Oak Drive, San Antonio, Texas 78258, United States","(29.620508, -98.491854, 0.0)",29.620508,-98.491854,0.0
243,210,711900,Big Bend Regional Medical Center,2600 Highway 118 North,Alpine,Brewster,79830.0,Critical Access Hospital,7119.0,2600 Highway 118 North,"2600 Highway 118 North, Alpine, TX 79830","2600 N State Highway 118, Alpine, Texas 79830, United States","(30.37496, -103.66717, 0.0)",30.37496,-103.66717,0.0
244,217,788002,Harlingen Medical Center,5501 South Expressway 77,Harlingen,Cameron,78550.0,Hospital,7880.0,5501 South Expressway 77,"5501 South Expressway 77, Harlingen, TX 78550","5501 S Expy, Harlingen, Texas 78550, United States","(26.15736, -97.675247, 0.0)",26.15736,-97.675247,0.0
245,221,797101,Womens Hospital-Renaissance,5502 South McColl,Edinburg,Hidalgo,78539.0,Hospital,7971.0,5502 South McColl,"5502 South McColl, Edinburg, TX 78539","5502 South Mccoll Road, Edinburg, Texas 78539, United States","(26.252744, -98.202931, 0.0)",26.252744,-98.202931,0.0
246,222,797500,Ascension Seton Southwest,7900 FM 1826,Austin,Travis,78737.0,Hospital,7975.0,7900 FM 1826,"7900 FM 1826, Austin, TX 78737","7900 Farm to Market Road 1826, Austin, Texas 78737, United States","(30.228056, -97.891737, 0.0)",30.228056,-97.891737,0.0
247,231,823400,St Marks Medical Center,One St Mark's Place,La Grange,Fayette,78945.0,Hospital,8234.0,One St Mark's Place,"One St Mark's Place, La Grange, TX 78945","1 St, Lyford, Texas 78569, United States","(26.34993, -97.69649, 0.0)",26.34993,-97.69649,0.0
248,233,832900,Pampa Regional Medical Center,One Medical Plaza,Pampa,Gray,79065.0,Hospital,100154.0,One Medical Plaza,"One Medical Plaza, Pampa, TX 79065","Pampa, Texas 79065, United States","(35.55, -100.97, 0.0)",35.55,-100.97,0.0
249,236,842800,Methodist Mansfield Medical Center,2700 Broad Street,Mansfield,Tarrant,76063.0,Hospital,8428.0,2700 Broad Street,"2700 Broad Street, Mansfield, TX 76063","2700 East Broad Street, Mansfield, Texas 76063, United States","(32.568385, -97.094466, 0.0)",32.568385,-97.094466,0.0
250,238,847000,Texoma Medical Center,5016 South US Highway 75,Denison,Grayson,75020.0,Hospital,8470.0,5016 South US Highway 75,"5016 South US Highway 75, Denison, TX 75020","5016 Katy Memorial Expressway, Denison, Texas 75020, United States","(33.709937, -96.585194, 0.0)",33.709937,-96.585194,0.0
251,239,847100,Memorial Hermann Northeast,18951 Memorial North,Humble,Harris,77338.0,Hospital,8471.0,18951 Memorial North,"18951 Memorial North, Humble, TX 77338","18951 Memorial Boulevard, Humble, Texas 77338, United States","(29.994304, -95.27363, 0.0)",29.994304,-95.27363,0.0
252,246,869700,St Lukes Sugar Land Hospital,1317 Lake Point Parkway,Sugar Land,Fort Bend,77479.0,Hospital,100134.0,1317 Lake Point Parkway,"1317 Lake Point Parkway, Sugar Land, TX 77479","1317 Lake Pointe Parkway, Sugar Land, Texas 77478, United States","(29.603754, -95.620268, 0.0)",29.603754,-95.620268,0.0
253,252,971000,Seton Medical Center Harker Heights,850 West Central Texas Expressway,Harker Heights,Bell,76548.0,Hospital,100149.0,850 West Central Texas Expressway,"850 West Central Texas Expressway, Harker Heights, TX 76548","850 W Central Texas Expy, Harker Heights, Texas 76548, United States","(31.07265, -97.68317, 0.0)",31.07265,-97.68317,0.0
254,262,974940,Baylor Scott & White Medical Center Marble Falls,810 W Highway 71,Marble Falls,Burnet,78654.0,Hospital,100310.0,810 W Highway 71,"810 W Highway 71, Marble Falls, TX 78654","810 West Highway 71, Marble Falls, Texas 78654, United States","(30.512926, -98.304601, 0.0)",30.512926,-98.304601,0.0
255,271,975208,Houston Methodist The Woodlands Hospital,17201 I-45 South,The Woodlands,Montgomery,77385.0,Hospital,100386.0,17201 I-45 South,"17201 I-45 South, The Woodlands, TX 77385","17201 North Freeway, The Woodlands, Texas 77385, United States","(30.205192, -95.451734, 0.0)",30.205192,-95.451734,0.0
256,273,975221,Methodist Hospital South,1905 Highway 97 East,Jourdanton,Atascosa,78026.0,Hospital,100391.0,1905 Highway 97 East,"1905 Highway 97 East, Jourdanton, TX 78026","1905 E State Highway 97, Jourdanton, Texas 78026, United States","(28.9264, -98.53351, 0.0)",28.9264,-98.53351,0.0
257,277,975286,Baylor Scott & White Medical Center Lake Pointe,6800 Scenic Drive,Rowlette,Rockwall,75088.0,Hospital,8618.0,6800 Scenic Drive,"6800 Scenic Drive, Rowlette, TX 75088","6800 Scenic Dr, Rowlett, Texas 75088, United States","(32.92117, -96.50942, 0.0)",32.92117,-96.50942,0.0
258,283,975372,Scenic Mountain Medical Center,1601 West Eleventh Place,Big Spring,Howard,79720.0,Hospital,100463.0,1601 West Eleventh Place,"1601 West Eleventh Place, Big Spring, TX 79720","1601 W 11th Pl, Big Spring, Texas 79720, United States","(32.238518, -101.487521, 0.0)",32.238518,-101.487521,0.0
